Workbook
Name Slicer_Column1: #N/A
Name Slicer_Community: #N/A
Name Slicer_Community1: #N/A
Name Slicer_Community2: #N/A
Name Slicer_PHC: #N/A
Name Slicer_PHC1: #N/A
Name Slicer_PHC2: #N/A
Name Slicer_Religion: #N/A
Name Slicer_Religion1: #N/A
Name Slicer_Religion2: #N/A

Sheet 2023-24
A1: Infant death register - 2023 -2024
A2: Sl.NO | B2: PHC name | C2: Name of Infant, parents and address | D2: Age of the mother | E2: Thayi Card No | F2: Sex | G2: Community | H2: Religion | I2: Date of Birth | J2: Place of Birth | K2: Date of death | L2: Place of death | M2: Birth weight in gms | N2: Most probbable cause of death. | O2: Age at death | P2: Normal/ LSCS | Q2: LMP | R2: EDD | S2: Para | T2: APL/BPL | U2: Education | V2: TT given | Y2: IFA Given | AB2: HB% | AC2: BP | AD2: Late Registration reason | AE2: HRP with reason | AF2: BMI<18 (Please Write) | AG2: Gestation | AH2: Mathru poorna Yojane benificiaries
V3: 1st Dose | W3: II Dose | X3: Booster | Y3: 1st round(last dose 180) | Z3: II round(last dose 360) | AA3: III round
A4: 45017
A5: 1 | B5: Gangolli | C5: B/o Nismah Aabirah Moulana W/o Abdul Nafi Moulana Gudde House J M Road Gangolli | D5: 27 | E5: 129027481306 | F5: Female | G5: Muslim | H5: Muslim | I5: 17.3.23 | J5: Yenepoya Hospital M'lore | K5: 24.3.23 | L5: Falnir Mangalore | M5: 2100gms | N5: Preterm 33weeks Syndromic Baby Congenital Haemolytic Anaemia Neonatal Hyperbillirubinemia | O5: 8days | P5: LSCS | Q5: 26.7.22 | R5: 3.5.23 | S5: G3P2L2 | T5: APL | U5: Puc&Degree | V5: 6.2.23 | W5: 6.3.23 | X5: - | Y5: - | Z5: 7.3.23 | AB5: 10gms | AC5: 110/70 | AD5: No | AE5: NO | AF5: 32 | AG5: 33weeks4days | AH5: NO
A6: 2 | B6: UPHC Manipal | C6: B/o Grithi Harshitha W/o Manjunath Raghvendra Nilaya Near Kadiyali Temple | D6: 29 | E6: 129025963907 | F6: Female | G6: Devadiga | H6: Hindu | I6: 9.9.22 | J6: Adarsh Hospital Puttur | K6: 29.3.23 | L6: KMC Manipal | M6: 2800gms | N6: Myocarditis with Inotrope Resistant Shock Sepsis with Multiorgan Dysfunction Primary Immunodeficiency with Pyogenic Meningitis | O6: 6 m 28 days | P6: Normal | Q6: 30.11.21 | R6: 6.9.22 | S6: Primi | T6: APL | U6: PUC | V6: 21.2.22 | W6: 22.4.22 | X6: - | Y6: 1.3.22 | Z6: 2.4.22 | AA6: 30.5.22 | AB6: 0.11 | AC6: 120/70. | AD6: No | AE6: NO | AF6: 22 | AH6: NO
A7: 3 | B7: Moodabettu | C7: B/o Hensita Roshni Mendonca Vinesh nithin rodrigues dreams shankarpura kurkalu | D7: 29 | E7: 129027174413 | F7: Male | G7: Chrischian | H7: Christain | I7: 10.03.2023 | J7: C.S.I hospital udupi | K7: 30.3.23 | L7: kmc manipal | M7: 2800gms | N7: Complex congenital heart disease Interrupted aortic arch/Pda/Aorto pulmonary window Severe pulmonary artery HTN/AGA/Infant of diabetic mother. | O7: 20 days | P7: LSCS | Q7: 17.6.22 | R7: 24.3.23 | S7: G2ab1 | T7: APL | U7: Degree | V7: 14.9.22 | W7: 14.10.22 | X7: - | Y7: 13.9.22 | Z7: 10.10.22 | AA7: 9.11.22 | AB7: 0.126 | AC7: 120\80 | AD7: No | AE7: NO | AF7: 26 | AH7: Yes
A8: 45047
A9: 4 | B9: FPAI | C9: B/o Meena devi W/o Nikilesh Kumar, Rent House, Horangrapady Near C J Church Padu bailoor 76 Badagabettu | D9: 30 | E9: 129027428961 | F9: Female | G9: Hindu | I9: 30.4.23 | J9: MCH Udupi | K9: 30.4.23 | L9: Wenlock Hospital M'lore | M9: 800gms | N9: Premature with respiratory distress | O9: 1day | P9: Normal | Q9: 29.10.22 | R9: 5.8.23 | S9: G4P3L3 | T9: No ration card | U9: No education | V9: 2.2.23 | W9: 4.3.23 | X9: - | Y9: 2.2.23 | Z9: 4.3.23 | AA9: 6.4.23 | AB9: 0.12 | AC9: 110/70 | AD9: No | AE9: NO | AF9: 21 | AH9: NO
A10: 5 | B10: Padubidri | C10: B/o Divya G W/o Santhosh Guthigethota Hejamady Padubidri Udupi | D10: 28 | E10: 129027157496 | F10: Male | G10: Hindu | I10: 21.3.23 | J10: KMC Attavara | K10: 10.5.23 | L10: KMC Attavara | M10: 2690gms | N10: Term AGA/Neonatal sepsis meconium aspiration syndrome | O10: 49days | P10: LSCS | Q10: 1.7.22 | R10: 8.4.23 | S10: primi | T10: BPL | U10: BA | V10: 23.9.22 | W10: 10.11.22 | X10: - | Y10: 9.9.22 | Z10: 9.10.22 | AA10: 10.11.22 | AB10: 0.135 | AC10: 120/80 | AD10: No | AE10: NO | AF10: 26 | AH10: yes
A11: 6 | B11: Kollur | C11: B/o Jayanthi Raghavana, Hegdebettu, Kolluru | D11: 32 | E11: 129020834647 | F11: Male | G11: Hindu | I11: 18.4.23 | J11: KMC Manipal | K11: 28.4.23 | L11: KMC Manipal | M11: 850gms | N11: EARLY ONSET NEONETAL SEPSIS/SEPTIC SHOCK MODERATE PAH VERY PRETERM (31+3)/EXTREMELY LOW BIRTH WEIGHT/SGA | O11: 10days | P11: LSCS | Q11: 10.9.22 | R11: 17.6.23 | S11: G3 | T11: BPL | U11: 10th | V11: 9.11.22 | W11: 10.12.22 | X11: - | Y11: 24.3.23 | AB11: 0.12 | AC11: 110/70 | AD11: No | AE11: Preeclampsia | AF11: 25 | AG11: 31weeks | AH11: NO
A12: 7 | B12: Ajekar | C12: B/o Kushala W/o Prakasha Gowda ST colony, Mangala Nivasa Paithala, Andaru | D12: 31 | E12: 129022447845 | F12: Male | G12: ST | H12: Hindu | I12: 18.4.23 | J12: G H Karkala | K12: 18.5.23 | L12: Home | M12: 1815gms | N12: Sudden Infant death syndrome | O12: 1m1day | P12: normal | Q12: 3.8.22 | R12: 10.5.23 | S12: G3P2L2 | T12: BPL | U12: 5th&7th | X12: 1.12.22 | Y12: 9.11.22 | Z12: 9.1.23 | AA12: 9.3.23 | AB12: 0.106 | AC12: 110/80 | AD12: No | AE12: No | AF12: 22 | AG12: 36weeks | AH12: Yes
A13: 45078
A14: 8 | B14: Kemmannu | C14: B/o Joshna Swain W/o Santhosh Kumar Swain Gujjarbettu Kemmannu | D14: 25 | E14: 129027360903 | F14: Male | H14: Hindu | I14: 14.6.23 | J14: MCH Udupi | K14: 14.6.23 | L14: On the way to Hospital (108) | M14: 2600gms | N14: Severe birth asphyxia | O14: 1day | P14: LSCS | Q14: 8.9.22 | R14: 15.6.23 | S14: G1 | T14: BPL | U14: 5th&7th | V14: 9.1.23 | W14: 25.2.23 | X14: - | Y14: 4.1.23 | Z14: 6.2.23 | AA14: 9.3.23 | AB14: 0.105 | AC14: 110/60 | AD14: No | AE14: NO | AF14: 24.9 | AH14: NO
A15: 9 | B15: Kemmannu | C15: Dakshayini K C C/o Suresh 3rd cross Rajivnagara Nejar | D15: 31 | E15: 129027378656 | F15: Female | H15: Hindu | I15: 17.5.23 | J15: KMC Manipal | K15: 4.6.23 | L15: KMC Manipal | M15: 1150gms | N15: Preterm delivery necrotising enterocolitis late onset acinobacter sepsis with meningitis | O15: 19days | P15: LSCS | Q15: 23.10.22 | R15: 30.7.23 | S15: Primi | T15: BPL | U15: D-Ed | V15: 21.2.23 | W15: 21.3.23 | X15: - | Y15: 16.2.23 | Z15: 15.3.23 | AA15: 13.4.23 | AB15: 0.13 | AC15: 180/110 | AD15: No | AE15: NO | AF15: 21 | AH15: NO
A16: 10 | B16: Moodabettu | C16: B/o Mumtaz W/o Shamshuddin Global residency Katpady | D16: 31 | E16: 129027229096 | F16: Female | G16: Muslim | H16: Muslim | I16: 23.5.23 | J16: Moodabidri | K16: 24.5.23 | L16: A J Hospital M'lore | M16: 2900gms | N16: Refractory cardiac arrest/Severe Meconium aspiration syndrome | O16: 1day | P16: LSCS | Q16: 29.8.22 | R16: 5.6.23 | S16: G3 | T16: APL | U16: 12th | V16: 4.11.22 | W16: 14.2.23 | X16: - | Y16: 21.10.22 | Z16: 15.11.22 | AA16: 7.12.22 | AB16: 0.122 | AC16: 120/80 | AD16: No | AE16: NO | AF16: 26 | AG16: 35weeks | AH16: yes
A17: 11 | B17: Shankaranarayana | C17: B/o Supreetha W/o Sandeep Kumar Shetty Hanbinagadde Gudibettu Ampar | D17: 31 | E17: 129027299270 | F17: Male | G17: Shetty | H17: Hindu | I17: 9.3.23 | J17: KMC Manipal | K17: 27.5.23 | L17: KMC Manipal | M17: 885gms | N17: Severe Chronic Lung disease sever pneumonia extreme Prematurity | O17: 2month19days | P17: LSCS | Q17: 6.9.22 | R17: 13.6.23 | S17: Primi | T17: APL | U17: B.P.T | V17: 7.12.22 | W17: 13.1.23 | X17: - | Y17: _ | Z17: 9.2.23 | AB17: 0.084 | AC17: 140/80 | AD17: No | AE17: NO | AF17: 27 | AG17: 26weeks | AH17: NO
A18: 12 | B18: Kollur | C18: B/o Nethravathi W/o Nagaraja Poojary Chodra Angadimane Golihole | D18: 26 | E18: 129027418480 | F18: Male | G18: Poojary | H18: Hindu | I18: 21.5.23 | J18: KMC Manipal | K18: 30.5.23 | L18: KMC Manipal | M18: 750gms | N18: Necrotizing enterocololitis stage II respiratory distress syndrome extreme prematurity | O18: 9days | P18: Normal | Q18: 21.11.22 | R18: 28.8.23 | S18: G2 | T18: BPL | U18: PUC | V18: 8.3.23 | W18: 12.4.23 | X18: - | Y18: 22.4.23 | AB18: 0.132 | AC18: 100/70 | AD18: No | AE18: NO | AF18: 29 | AG18: 25weeks6days | AH18: NO
A19: 13 | B19: Kollur | C19: B/o Nethravathi W/o Nagaraja Poojary Chodra Angadimane Golihole | D19: 26 | E19: 129027418480 | F19: Male | G19: Poojary | H19: Hindu | I19: 21.5.23 | J19: KMC Manipal | K19: 23.5.23 | L19: KMC Manipal | M19: 795gms | N19: Pulmonary Hemorrhage left tension pnemothorax extreme PT/ELBWAGA/Severe RDS/DCDA twin2 | O19: 3days | P19: Normal | Q19: 21.11.22 | R19: 28.8.23 | S19: G3 | T19: BPL | U19: PUC | V19: 8.3.23 | W19: 12.4.23 | X19: - | Y19: 22.4.23 | AB19: 0.13 | AC19: 100/70 | AD19: No | AE19: NO | AF19: 29 | AG19: 25weeks6days | AH19: NO | AI19: Audited DC
A20: 45108
A21: 14 | B21: Kumbhashi | C21: B/o Priya W/o Babu, Kamthyarbettu Beejadi Kumbhashi | D21: 30 | E21: 129027195374 | F21: Female | H21: Hindu | I21: 16.4.23 | J21: G H Kundapura | K21: 12.7.23 | L21: KMC Manipal | M21: 1820gms | N21: Severe pulmonary artery Hypertension Bronchopneumonia failure to thrive, Lactic Acidosis | O21: 2m26days | P21: Normal | Q21: 7.8.22 | R21: 14.5.23 | S21: Primi | T21: BPL | U21: PUC | V21: 20.9.22 | W21: 27.10.22 | X21: - | Y21: - | Z21: 27.3.23 | AB21: 12.8gms | AC21: 100/70 | AD21: No | AE21: NO | AF21: 18 | AG21: 32weeks | AI21: Audited DC
A22: 15 | B22: Vandse | C22: Suveeksha B/o Vinoda W/o Surendra Poojary Kullamballi Keradi | D22: 29 | E22: 129027286635 | F22: Female | G22: Poojary | H22: Hindu | I22: 6.4.23 | J22: Adarsh Hospital Kundapura | K22: 17.7.23 | L22: Home(Kullamballi) | M22: 2700gms | N22: Wolmans Disease secondary Hemophagocytic Lymphohistiocytosis acute on chronic liver disease | O22: 3m11days | P22: Normal | Q22: 7.7.22 | R22: 14.4.23 | S22: Primi | T22: BPL | U22: BA/Bcom | V22: 3.10.22 | W22: 11.11.22 | X22: - | Y22: 23.3.23 | AB22: 11gms | AC22: 110/70 | AD22: No | AE22: NO | AF22: 17.8 | AG22: 39weeks
A23: 16 | B23: Maravanthe | C23: B/o Sabiyabanu W/o Usman Bairy W/o Abdul, Ganesha Nagara Navunda | D23: 27 | E23: 129019529049 | F23: Male | G23: Muslim | H23: Muslim | I23: 5.7.23 | J23: G H Goa | K23: 7.7.23 | L23: Medical College Goa | M23: 1100gms | N23: Pneumothorax extreme prematurity extreme low birth weight | O23: 3days | P23: Normal | Q23: 26.12.22 | R23: 3.10.23 | S23: G3P2L2 | T23: BPL | U23: 8th | V23: 9.2.23 | W23: 12.3.23 | X23: - | Y23: 1.7.23 | AB23: 12.7gms | AC23: 110/80 | AD23: No | AE23: NO | AG23: 27weeks
A24: 17 | B24: Hebri | C24: B/o Radhika W/o Dinesh Naik Hebri | D24: 25 | E24: 129027319840 | F24: Female | G24: Kudubi | H24: Hindu | I24: 19.7.23 | J24: KMC Manipal | K24: 20.7.23 | L24: KMC Manipal | M24: 2300gms | N24: Hypoxic Ischemic Encephalopathy stage 3rd Dysmorphic facies/perinal asphyxia/shock/severe anaemia/coagulopathy, Late preterm(35+4weeks) AGA/LBW | O24: 4hours36minutes | P24: LSCS | Q24: 12.11.22 | R24: 19.8.23 | S24: Primi | T24: BPL | U24: Puc&PUC | V24: 22.12.22 | W24: 9.2.23 | X24: - | Y24: 9.2.23 | Z24: 9.3.23 | AA24: 9.4.23 | AB24: 9.4gms | AC24: 110/70 | AD24: No | AE24: NO | AF24: 18 | AG24: 35+4weeks | AH24: yes
A25: 18 | B25: Kaup | C25: B/o Ozala Anjum 1-152/2 Iqbal Manzil , Kote, Near Koppalangadi Mallar | D25: 37 | E25: 129020188805 | F25: Male | G25: Muslim | H25: Muslim | I25: 2.7.23 | J25: Lady Goschen Hosptial M'lore | K25: 6.7.23 | L25: Lady Goschen Hosptial M'lore | M25: 640gms | N25: Extreme prematurity extreme low birth weight | O25: 4days | P25: LSCS | Q25: 24.12.22 | R25: 1.10.23 | S25: G3P2L3 | T25: APL | U25: Degree | V25: 23.3.23 | W25: 23.4.23 | X25: - | Y25: 23.3.23 | Z25: 23.4.23 | AA25: 23.5.23 | AB25: 11.5gms | AC25: 130/70 | AD25: No | AE25: NO | AG25: 26weeks | AH25: yes
A26: 19 | B26: Malpe | C26: Thanusha B/o Savithri Harish Kola Malpe | D26: 40 | E26: 129027314532 | F26: Female | G26: Mogaveer | H26: Hindu | I26: 11.3.23 | J26: KMC Manipal | K26: 8.7.23 | L26: KMC Manipal | M26: 1020gms | N26: Intra Cerebral Haemorrhage, severe Encephalopathy Severe anaemia coagulopathy | O26: 3 1/2 months | P26: LSCS | Q26: 7.8.22 | R26: 14.5.23 | S26: Primi | T26: APL | U26: degree | V26: 11.11.22 | W26: 13.12.22 | X26: - | Y26: 24.11.23 | Z26: 23.12.23 | AA26: 23.1.23 | AB26: 12gms | AC26: 110/70 | AD26: No | AE26: NO | AF26: 20 | AG26: 29weeks | AH26: yes
A27: 20 | B27: Avarse | C27: Samraksha B/o Bharathi W/o Santhosh Kelachakkerbettu Vandaru Avarse | D27: 36 | E27: 129016451039 | F27: Female | H27: Hindu | I27: 23.5.23 | J27: G H Kundapura | K27: 17.7.23 | L27: Home | M27: 3420gms | N27: Milk Aspiration | O27: 56days | P27: Normal | Q27: 27.8.22 | R27: 3.6.23 | S27: G2P1L1 | T27: BPL | U27: 10th&10th | V27: 31.10.22 | W27: 18.12.22 | X27: - | Y27: 30.11.22 | Z27: 30.12.22 | AA27: 28.1.23 | AB27: 10.8gms | AC27: 110/70 | AD27: No | AE27: NO | AF27: 18 | AG27: 33weeks | AH27: yes
A28: 45139
A29: 21 | B29: Basrur | C29: B/o Shridevi W/o Prasad Kumar Kandavara Basrur | D29: 24 | E29: 129024250991 | F29: Female | G29: Shetty | H29: Hindu | I29: 6.6.23 | J29: A J hospiral M'lore | K29: 23.8.23 | L29: Home(Basrur) | M29: 2900gms | N29: Cardiorespiratory failure with septicemia with sacro Coccygeak Teratoma operated transient abnormal Amyelopoisis AML/Megakaryocytic Downs Syndrome moderate ASD with small PDA | O29: 2m17days | P29: LSCS | Q29: 19.9.22 | R29: 26.6.23 | S29: G2P1L1 | T29: BPL | U29: B.A | X29: 27.2.23 | Y29: 27.5.23 | AB29: 11gms | AC29: 110/60 | AD29: No | AE29: Previous LSCS | AF29: 18 | AG29: 32weeks | AH29: NO
A30: 22 | B30: Kirimanjeshwara | C30: B/o Mallika, S/o Sathish Shetty Aparna Nilaya Kalthodu | D30: 34 | E30: 129027265170 | F30: Male | G30: Shetty | H30: Hindu | I30: 3.4.23 | J30: KMC Manipal | K30: 6.8.23 | L30: KMC Manipal | M30: 905gms | N30: Chronic Lung Disease, Chronic Pulmonary Artery Hypertension, Respiratory Distress Syndrome | O30: 4 Month(125days) | P30: LSCS | Q30: 7.9.22 | R30: 14.5.23 | S30: II | T30: BPL | U30: B.A | V30: 20.12.22 | W30: 21.2.23 | Y30: 7.3.23 | AB30: 13gms | AC30: 144/90 | AE30: Previous LSCS | AF30: 27 | AG30: 29weeks4days | AH30: NO
A31: 23 | B31: Maravanthe | C31: B/o Nethra W/o Husein Uroof, Prasanna Vesadari, Tent House Mullikatte Hosadu | D31: 25 | E31: 129016388225 | F31: Female | G31: Hindu | H31: Hindu | I31: 14.8.23 | J31: Lady Goschen Hosptial M'lore | K31: 18.8.23 | L31: Lady Goschen Hosptial M'lore | M31: 800gms | N31: Triplets Prematurity Low birth weight | O31: 5days | P31: LSCS | Q31: 14.1.23 | R31: 21.10.23 | S31: G3P1L1A1 | T31: BPL | U31: 4th | V31: 16.3.23 | W31: 20.4.23 | Z31: 31.7.23 | AB31: 11gms | AC31: 110/70 | AD31: No | AE31: Previous LSCS & Triplets | AF31: 20 | AG31: 28weeks | AH31: NO
A32: 24 | B32: Maravanthe | C32: B/o Nethra W/o Husein Uroof, Prasanna Vesadari, Tent House Mullikatte Hosadu | D32: 25 | E32: 129016388225 | F32: Female | G32: Hindu | H32: Hindu | I32: 14.8.23 | J32: Lady Goschen Hosptial M'lore | K32: 18.8.23 | L32: Lady Goschen Hosptial M'lore | M32: 800gms | N32: Triplets Prematurity Low birth weight | O32: 5days | P32: LSCS | Q32: 14.1.23 | R32: 21.10.23 | S32: G3P1L1A1 | T32: BPL | U32: 4th | V32: 16.3.23 | W32: 20.4.23 | Z32: 31.7.23 | AB32: 11gms | AC32: 110/70 | AD32: No | AE32: Previous LSCS & Triplets | AF32: 20 | AG32: 28weeks | AH32: NO
A33: 25 | B33: Maravanthe | C33: B/o Nethra W/o Husein Uroof, Prasanna Vesadari, Tent House Mullikatte Hosadu | D33: 25 | E33: 129016388225 | F33: Female | G33: Hindu | H33: Hindu | I33: 14.8.23 | J33: Lady Goschen Hosptial M'lore | K33: 18.8.23 | L33: Lady Goschen Hosptial M'lore | M33: 800gms | N33: Triplets Prematurity Low birth weight | O33: 5days | P33: LSCS | Q33: 14.1.23 | R33: 21.10.23 | S33: G3P1L1A1 | T33: BPL | U33: 4th | V33: 16.3.23 | W33: 20.4.23 | Z33: 31.7.23 | AB33: 11gms | AC33: 110/70 | AD33: No | AE33: Previous LSCS & Triplets | AF33: 20 | AG33: 28weeks | AH33: NO
A34: 26 | B34: Palli | C34: B/o Jyothi W/o Ramesh Adapadi Durgadevi Sannidi House Palli | D34: 38 | E34: 129018103624 | F34: Female | H34: Hindu | I34: 24.7.23 | J34: Lady Goschen Hosptial M'lore | K34: 4.8.23 | L34: Lady Goschen Hosptial M'lore | M34: 3300gms | N34: Pulmonary Haemorrhage early onset sepsis(SGA) | O34: 11days15hours | P34: LSCS | Q34: 28.10.22 | R34: 4.8.23 | S34: Primi | T34: BPL | U34: 10th&4th | V34: 11.1.23 | W34: 16.2.23 | Y34: 30.1.23 | Z34: 2.3.23 | AA34: 5.4.23 | AB34: 11.9gms | AC34: 110/60 | AD34: No | AE34: Elderly Primi | AF34: 21.6 | AG34: 38weeks | AH34: Yes
A35: 27 | B35: Palli | C35: B/o Nalini W/o Shekara, Thandava Kunja, Ninjoor Palli | D35: 35 | E35: 129027169513 | F35: Female | G35: ST(Koraga) | H35: Hindu | I35: 26.4.23 | J35: G H Thirthalli | K35: 8.8.23 | L35: Home | M35: 2500gms | N35: Sudden death with excessive cry | O35: 3m13days | P35: FTND | Q35: 7.8.22 | R35: 15.4.23 | S35: Primi | T35: BPL | U35: 6th&9th | V35: 10.10.22 | W35: 10.11.22 | Y35: 10.11.22 | Z35: 10.12.22 | AA35: 10.1.23 | AB35: 11.7gms | AC35: 120/80 | AD35: No | AE35: Elderly Primi | AF35: 21 | AG35: 34weeks | AH35: Yes
A36: 28 | B36: UPHC Manipal | C36: B/o Asha Naik W/o Naveen Naik Ananthanagara Manipal | D36: 32 | E36: 129027535378 | F36: Male | G36: ST(Naik) | H36: Hindu | I36: 27.7.23 | J36: Sri devi Multi Speciality Hospital Honnavara | K36: 28.7.23 | L36: KMC Manipal | M36: 845gms | N36: Extreme Preterm 24weeks 5days LBW Perinal Asphyxia Severe Respiratory distress syndrome Right sided Phnuemothorax Garde 2 IUH pulmonary Haemorrhage | O36: 1day | P36: Normal | Q36: 4.2.23 | R36: 11.11.23 | S36: Primi | T36: BPL | U36: Degree | V36: 15.5.23 | W36: 27.6.23 | Y36: 15.5.23 | Z36: 27.6.23 | AA36: 19.7.23 | AB36: 12gms | AC36: 120/80 | AD36: No | AE36: NO | AG36: 24weeks | AH36: Yes
A37: 29 | B37: Kokkarne | C37: Rishika B/o Vani W/o Late Chandra Naik Thadagal Nenchar Village Kokkarne | D37: 27 | E37: 129018452179 | F37: Female | G37: ST(Naik) | H37: Hindu | I37: 15.5.23 | J37: CHC Brahmavara | K37: 13.8.23 | L37: Home | M37: 2550gms | N37: PM report awaited (KMC Manipal) | O37: 2m27days | P37: Normal | Q37: 28.8.22 | R37: 4.6.23 | S37: G2P3L2 | T37: BPL | U37: 7th | V37: 4.10.22 | W37: 3.11.22 | Y37: 30.11.22 | Z37: 29.12.22 | AA37: 28.1.23 | AB37: 12.6gms | AC37: 110/70 | AD37: No | AE37: NO | AF37: 21 | AG37: 34weeks | AH37: Yes
A38: 30 | B38: Padubidri | C38: B/o Jyothi W/o Deekshith Near Mata, Kanchinadka Padubidri | D38: 34 | E38: 129014460248 | F38: Female | G38: SC | H38: Hindu | I38: 14.8.23 | J38: KMC Manipal | K38: 19.8.23 | L38: KMC Manipal | M38: 685gms | N38: Extreme Preterm Appropriate for gestational age/ELBW Severe respiratory distress syndrome/pulmonary hemorrhage/acute kidney injury | O38: 6days | P38: Normal | Q38: 22.2.23 | R38: 29.11.23 | S38: Primi | T38: BPL | U38: Degree | V38: 11.5.23 | W38: 15.6.23 | X38: - | Y38: 25.5.23 | Z38: 22.6.23 | AA38: 27.7.23 | AB38: 9.6gms | AC38: 110/70 | AD38: No | AE38: Anaemic | AF38: 20 | AG38: 24weeks4days | AH38: Yes
A39: 45170
A40: 31 | B40: Bailoor | C40: B/o Vinoda Kadirapalke Yerlapadi Bailoor | D40: 22 | E40: 129021505073 | F40: Male | G40: SC | H40: Hindu | I40: 17.7.23 | J40: Lady Goschen Hospital M'lore | K40: 13.9.23 | L40: Home | M40: 1465gms | N40: Aspiration? | O40: 59days | P40: LSCS | Q40: 3.11.22 | R40: 10.8.23 | S40: G2P1L1 | T40: BPL | U40: 10th&10th | V40: 29.12.22 | W40: 23.2.23 | Y40: 16.2.23 | Z40: 27.4.23 | AA40: 8.6.23 | AB40: 0.112 | AC40: 119/67 | AD40: No | AE40: Previous LSCS | AF40: 17.84 | AG40: 35weeks+5days | AH40: yes
A41: 32 | B41: Bailoor | C41: B/o Vanitha Devadiga W/o Dinesh Devadiga Kamil Darkas Jarkala Yerlapady | D41: 34 | E41: 129025411854 | F41: Male | G41: Devadiga | H41: Hindu | I41: 20.8.23 | J41: KMC manipal | K41: 6.9.23 | L41: KMC Manipal | M41: 725gms | N41: Septic shock culture positive sepsis Ecoli, Extreme Preterm 27+weeks AGA | O41: 17days | P41: LSCS | Q41: 7.2.23 | R41: 14.11.23 | S41: G6P1L1A4 | T41: BPL | U41: 5th&6th | V41: 7.5.23 | W41: 1.6.23 | Y41: 7.5.23 | Z41: 1.6.23 | AB41: 0.13 | AC41: 113/92 | AD41: No | AE41: Previous LSCS/HTN/ | AF41: 28.9 | AG41: 27weeks
A42: 33 | B42: Ajekar | C42: B/o Padmavathi W/o Ravi Guddakibettu Yennehole | D42: 31 | E42: 129027523725 | F42: Male | G42: SC | H42: Hindu | I42: 21.8.23 | J42: Lady Goschen Hospital M'lore | K42: 23.9.23 | L42: Home | M42: 1460gms | N42: Prematurity LBW Respiratory Distress | O42: 1m3days | P42: LSCS | Q42: 14.1.23 | R42: 20.10.23 | S42: Primi | T42: BPL | U42: Puc&Degree | V42: 6.4.23 | W42: 4.5.23 | Y42: 6.4.23 | Z42: 1.6.23 | AA42: 20.8.23 | AB42: 0.126 | AC42: 120/80 | AF42: 26 | AG42: 29weeks | AH42: yes
A43: 34 | B43: Mala | C43: B/o Soni W/o Sandeep Peradka Mala | D43: 17 | E43: 129027773565 | F43: Male | G43: SC | H43: Hindu | I43: 20.9.23 | J43: Lady Goschen Hospital M'lore | K43: 26.9.23 | L43: Lady Goschen Hosptial M'lore | M43: 1065gms | N43: Awaiting PM report | O43: 6days | P43: LSCS | Q43: 27.2.23 | R43: 4.12.23 | S43: Primi | T43: BPL | U43: 10th&10th | V43: 21.6.23 | W43: 25.7.23 | Y43: 21.6.23 | Z43: 20.7.23 | AA43: 24.8.23 | AB43: 0.122 | AC43: 131/96 | AE43: twin gestation | AF43: No | AG43: 27weeks | AH43: yes
A44: 35 | B44: Kandlur | C44: Mohammed Nuhu Alisha W/o Mohammed Nadim, Near Julpa store Kandlur | D44: 19 | E44: 129027265298 | F44: Male | G44: Muslim | H44: Muslim | I44: 2.5.23 | J44: Father Mullers Hospital M'lore | K44: 21.7.23 | L44: Home | M44: 2850gms | N44: Cardio Pulmonary arrest , Carpenter syndrome2, Hypoxic ischemic encephalopathy with sepsis | O44: 2m19days | P44: Normal | Q44: 8.8.22 | R44: 15.5.23 | S44: Primi | T44: BPL | U44: puc&10th | V44: 25.10.22 | W44: 8.12.22 | Y44: 15.4.23 | AB44: 0.116 | AC44: 110/70 | AD44: No | AE44: No | AF44: 18 | AG44: 36weeks | AH44: No
A45: 36 | B45: Kandlur | C45: B/o Mubeen Kausar W/o Mohammed Sanavulla, Kabrady Kandlur | D45: 41 | E45: 129027771648 | F45: Male | G45: Muslim | H45: Muslim | I45: 30.8.23 | J45: KMC Manipal | K45: 6.9.23 | L45: KMC Manipal | M45: 555gms | N45: Severe respiratory distress syndrome Extreme preterm AGA LBW | O45: 7days | P45: Normal | Q45: 17.3.23 | R45: 24.12.23 | S45: G4P1L1A2 | T45: BPL | U45: 10th&12th | V45: 10.7.23 | W45: 24.8.23 | Y45: 18.8.23 | AB45: 0.114 | AC45: 150/90 | AD45: No | AE45: Hypertension diabetic, previous abortion | AF45: 31 | AG45: 23weeks | AH45: No
A46: 37 | B46: Kumbhashi | C46: B/o Rameeza W/o Navaz Ahamed Main Road Moodugopadi | D46: 25 | E46: 129027417131 | F46: Male | G46: Muslim | H46: Muslim | I46: 8.8.23 | J46: CHC Kota | K46: 14.9.23 | L46: Tamilnadu | M46: 2200gms | N46: Transient taechypnea of newborn single umbalical artery and correction of Aorta with PDA moderate pulmonary hypertension | O46: 1m6days | P46: Normal | Q46: 4.11.22 | R46: 11.8.23 | S46: G2P0L0A1 | T46: BPL | U46: 2nd puc | V46: 3.2.23 | W46: 5.3.23 | Y46: 26.7.23 | AB46: 0.124 | AC46: 110/70 | AD46: No | AE46: G1 Abortion | AF46: 18 | AG46: 40weeks | AH46: No
A47: 38 | B47: Vandse(Hattiangadi) | C47: B/o Deepa W/o Mahabala Malagadde Mane Kenchanur | D47: 25 | E47: 129027313067 | F47: Male | G47: ST | H47: Hindu | I47: 30.6.23 | J47: CHC Kota | K47: 12.9.23 | L47: On the way to Hospital | M47: 2800gms | N47: Sudden Infant death syndrome | O47: 2m12days | P47: Normal | Q47: 22.9.22 | R47: 27.7.23 | S47: Primi | T47: BPL | U47: 10th&7th | V47: 26.12.22 | W47: 2.2.23 | Y47: 15.6.23 | AB47: 0.107 | AC47: 110/70 | AD47: No | AE47: G1 Abortion | AF47: 18.8 | AG47: 36weeks
A48: 39 | B48: Sastana | C48: Girish B/o Geetha W/o Mahadeva Irody Sastana | D48: 29 | E48: 12904843 | F48: Male | H48: Hindu | I48: 12.5.23 | J48: Adarsh Hospital Udupi | K48: 11.9.23 | L48: Home | M48: 2300gms | N48: Hypertonia & Microcephaly(MMR) | O48: 3m29days | P48: Normal | Q48: 26.8.22 | R48: 2.6.23 | S48: G3P2L1Ab1 | T48: BPL | U48: Mcom&BA | V48: 22.11.22 | W48: 29.12.22 | Y48: 29.12.22 | Z48: 17.01.23 | AA48: 20.4.23 | AB48: 0.11 | AC48: 110/70 | AD48: No | AE48: No | AF48: 19.53 | AG48: 34weeks | AH48: Yes
A49: 40 | B49: Hirebettu | C49: B/o Archana Bhat W/o Shrinidhi, Mahalingeshwara Temple Road Parkala Udupi | D49: 28 | E49: 129027864818 | F49: Male | G49: Brahmin | H49: Hindu | I49: 22.9.23 | J49: KMC Manipal | K49: 25.9.23 | L49: KMC Manipal | M49: 715gms | N49: Extreme preterm 24+3weeks appropriate gestational age, extreme LBW PPROM/Severe respiratory distress syndrome | O49: 3days | P49: Normal | Q49: 4.4.23 | R49: 11.1.24 | S49: G2P1L1A0 | T49: APL | U49: Post Garduation | V49: 22.7.23 | W49: 9.9.23 | Y49: 7.7.23 | Z49: 7.8.23 | AA49: 7.9.23 | AB49: 0.117 | AC49: 110/70 | AD49: No | AE49: No | AF49: 22 | AG49: 20weeks | AH49: NO
A50: 41 | B50: FPAI | C50: B/o Saraswathi W/o Chandrashekar, C/o Shankar Shetty Slum Kasturbanagar | D50: 21 | E50: 129027460071 | F50: Male | G50: Shetty | H50: Hindu | I50: 20.8.23 | J50: KMC Manipal | K50: 15.9.23 | L50: KMC Manipal | M50: 1570gms | N50: Resistant Septic shock due to neonatal sepsis, Restal ileal intensimal perforation , Moderate preterm 32+3weeks AGA | O50: 25days | P50: LSCS | Q50: 5.1.23 | R50: 12.10.23 | S50: G1P0L0 | T50: BPL | U50: 10th | V50: 20.4.23 | W50: 25.5.23 | Y50: 6.4.23 | Z50: 6.5.23 | AA50: 6.6.23 | AB50: 0.115 | AC50: 120/80 | AD50: No | AE50: No | AF50: 15 | AG50: 27weeks | AH50: Yes
A51: 42 | B51: Kaup | C51: B/o Umaibanu W/o Zakir Husein Banu Complex Kombagudde, Mallur Kaup | D51: 36 | E51: 129027185486 | F51: Female | G51: Muslim | H51: Muslim | I51: 13.3.23 | J51: Kulasa Hospital M'lore | K51: 2.9.23 | L51: Home(Majoor) | M51: 1280gms | N51: IUGR 3rd Periventricular Leukomalacia | O51: 5m22days | P51: LSCS | Q51: 10.7.22 | R51: 17.4.23 | S51: G3 | T51: BPL | U51: 6th&degree | V51: 17.10.22 | W51: 15.11.22 | Y51: 18.10.22 | Z51: 17.11.22 | AA51: 18.12.22 | AB51: 10.5gms | AC51: 120/80 | AD51: No | AE51: No | AF51: 33 | AG51: 33weeks | AH51: yes
A52: 43 | B52: Shiva | C52: B/o Mohammed Unas Razi Rameeza W/o Amarulla Darga Road Belapu | D52: 34 | E52: 1290213045890 | F52: Male | G52: Muslim | H52: Muslim | J52: A J hospital M'lore | K52: 22.9.23 | L52: Wenlock Hospital M'lore | M52: 3300gms | N52: Complex cardiac anamoly | O52: 2m5days | P52: Normal | Q52: 15.9.22 | R52: 22.6.23 | S52: G3 | T52: BPL | U52: 9th | V52: 15.11.22 | W52: 13.12.22 | Y52: 13.12.22 | Z52: 13.01.23 | AA52: 13.2.23 | AB52: 10.5gms | AC52: 120/80 | AD52: No | AE52: No | AF52: 36 | AH52: yes
A53: 45200
A54: 44 | B54: Hebri | C54: B/o Shyamala W/o Sudarshana Rajiva Nagara Bangaragudde Hebri | D54: 30 | E54: 129027312437 | F54: Female | G54: ST | H54: Hindu | I54: 25.5.23 | J54: SDM Uduyavara | K54: 29.9.23 | L54: KMC Manipal | M54: 2600gms | N54: Pulmonary Haemorrhage severe pulmonary hypertension with severe respiratory distress | O54: 4m4days | P54: Normal | Q54: 7.9.22 | R54: 14.6.23 | S54: G2P1L0Ab1 | T54: BPL | U54: 9th&10th | V54: 4.1.23 | W54: 15.2.23 | Y54: 13.1.23 | Z54: 14.2.23 | AA54: 19.5.23 | AB54: 12.3gms | AC54: 132/80 | AD54: No | AE54: HRP BOH | AF54: No | AG54: 34weeks | AH54: yes
A55: 45 | B55: Muniyal | C55: B/o Suguna W/o Nagaraj SC, Shaleguddemane, Padukuru, YellareMuniyal | D55: 32 | E55: 129011339651 | F55: Male | G55: SC | H55: Hindu | I55: 4.10.23 | J55: Lady Goschen Hosptial M'lore | K55: 9.10.23 | L55: Lady Goschen Hosptial M'lore | M55: 1470gms | N55: Disseminated intravascular coagulation prematurity low birth weight | O55: 5days | P55: LSCS | Q55: 6.2.23 | R55: 13.11.23 | S55: G2P1L1 | T55: BPL | U55: 5th | V55: 30.3.23 | W55: 30.5.23 | Y55: 18.5.23 | Z55: 12.7.23 | AA55: 5.9.23 | AB55: 12.3gms | AC55: 118/81 | AD55: No | AE55: Previous delivery PIH with LSCS | AF55: 24.9 | AG55: 33weeks | AH55: No
A56: 46 | B56: Byndoor | C56: Shamantha B/o Susheela W/o Sathish Mullihithlu Taggarse | D56: 32 | E56: 129026466200 | F56: Male | G56: Poojary | H56: Hindu | I56: 12.7.22 | J56: MCH Udupi | K56: 25.10.23 | L56: KMC Manipal | M56: 4180gms | N56: Disseminated Intravascular Coagulation Multi Organ dysfunction syndrome septic shock Acute Respiratory Distress Syndrome, suspected primary Immunodeficiency | O56: 10m18days | P56: LSCS | Q56: 11.3.22 | R56: 18.12.22 | S56: II | T56: BPL | U56: 5th | V56: 7.9.22 | W56: 8.10.22 | Y56: 16.11.22 | AB56: 13.8gms | AC56: 100/70 | AD56: No | AE56: Previous LSCS | AF56: 20 | AG56: 39weeks | AH56: No
A57: 47 | B57: Kirimanjeshwara | C57: B/o Usha Krishna Shetty W/o Ashok Shetty Mooruru Kalthodu | D57: 36 | E57: 129027663641 | F57: Female | G57: Shetty | H57: Hindu | I57: 29.9.23 | J57: Koumundi Nursing Home Sirsi | K57: 10.12.23 | L57: Mahalaxmi Memorial Hospital Sirsi | M57: 750gms | N57: ELBW with RDS with sepsis | O57: 13days | P57: Normal | Q57: 28.3.23 | R57: 5.1.24 | T57: BPL | U57: puc | V57: 22.6.23 | W57: 27.7.23 | Y57: 28.8.23 | AB57: 13gms | AC57: 110/70 | AD57: No | AE57: Gestatinal Diabeticmellitus | AF57: 19 | AG57: 26weeks | AH57: No
A58: 48 | B58: Kollur | C58: Punarvi B/o Geetha W/o Prakash Hunchani Golihole Kollur | D58: 27 | E58: 129027364122 | F58: Female | G58: SC | H58: Hindu | I58: 31.07.23 | J58: G H Kundapura | K58: 21.9.23 | L58: on the way to Kmc manipal | M58: 2700gms | N58: Pulmonary Artery Hypertension | O58: 51days | P58: Normal | Q58: 29.10.22 | R58: 8.5.23 | T58: BPL | U58: 9th | V58: 12.12.22 | W58: 13.1.23 | Y58: 7.1.23 | AB58: 13.8gms | AC58: 100/70 | AD58: No | AE58: No | AF58: 22 | AG58: 39weeks | AH58: No
A59: 45231
A60: 49 | B60: Kemmannu | C60: B/o Sunitha W/o Girish 4-529 th cross Tenkanidiyoor Kemmannu | D60: 37 | E60: 129027605548 | F60: Male | G60: Madivala | H60: Hindu | I60: 1.11.23 | J60: MCH Udupi | K60: 9.11.23 | L60: KMC Manipal | M60: 3160gms | N60: Term(39weeks3days) Hypoxio ischemic encephalopathy stage3/Birth Asphyxia | O60: 8days | P60: LSCS | Q60: 28.1.23 | R60: 4.11.23 | S60: Primi | T60: BPL | U60: 7th | V60: 28.4.23 | W60: 29.5.23 | Y60: 10.5.23 | Z60: 13.6.23 | AA60: 11.7.23 | AB60: 11gms | AC60: 120/80 | AD60: No | AE60: No | AF60: 22.17 | AG60: 39weeks | AH60: yes
A61: 50 | B61: Hiriadka | C61: B/o Soumya D Nayak W/o Shrikanth Muttur cross Bommarabettu Hiriadka | D61: 25 | E61: 129027694167 | F61: Male | H61: Hindu | I61: 26.10.23 | J61: KMC Manipal | K61: 29.10.23 | L61: KMC Manipal | M61: 2600gms | N61: Hyper Echoic Mass 7.6*7.7cms in fetal liver Cardiogenic Shoock ARF, Severe Pulmonary Hypertension hepatic Hemargio high output syndrome failure | O61: 3days | P61: LSCS | Q61: 24.2.23 | R61: 31.11.23 | S61: Primi | T61: BPL | U61: degree | V61: 25.5.23 | W61: 26.6.23 | Y61: 26.5.23 | Z61: 26.6.23 | AA61: 18.7.23 | AB61: 11.2gms | AC61: 110/70 | AD61: No | AE61: No | AF61: 21 | AG61: 34weeks
A62: 51 | B62: Brahmavara | C62: B/o Jyothi Aphrin Rodrigues W/o Rohan Kevin Rodrigues Nayakara Thota Heroor Brahmavara | D62: 35 | E62: 1290274494382 | F62: Female | G62: Christain | H62: Christain | I62: 29.10.23 | J62: Mahesh Hospital Brahmavara | K62: 31.10.23 | L62: KMC Manipal | M62: 2100gms | N62: Severe persistent pulmonary hypertension refractory metabolic acidosis suspected inborn error of metabolism | O62: 3days | P62: LSCS | Q62: 15.2.23 | R62: 22.11.23 | S62: G4P2L1Ab2 | T62: BPL | U62: BA/Diploma | V62: 5.4.23 | W62: 10.5.23 | Y62: 10.5.23 | Z62: 19.6.23 | AA62: 7.7.23 | AB62: 10.6gms | AC62: 110/80 | AD62: No | AE62: No | AF62: 21.9 | AG62: 34weeks | AH62: yes
A63: 52 | B63: Barkur | C63: Jasmi B/o Margarate W/o John Kotha Kuradi Holebadi Hanehalli | D63: 26 | E63: 12901161380 | F63: Female | G63: Christain | H63: Christain | I63: 7.2.23 | J63: CHC Brahmavara | K63: 2.11.23 | L63: On the way to Hospital (Gandhinagara) | M63: 3320gms | N63: Extra hepatic billiary atresia(Type IIB) post Kasai's portoenterostomy done(25.4.23) died due to repeated fever sepsis developed Ascites | O63: 8m25days | P63: LSCS | Q63: 13.5.22 | R63: 20.2.23 | S63: G3P1L1Ab1 | T63: BPL | U63: 12th&10th | V63: 8.8.22 | W63: 8.9.22 | Y63: 15.9.22 | Z63: 16.10.22 | AA63: 13.11.22 | AB63: 11gms | AC63: 120/70 | AD63: No | AE63: No | AF63: 20.1 | AG63: 35weeks | AH63: yes
A64: 53 | B64: Aloor | C64: B/o Yashoda W/o Prakash Poojary Brahmeri Aloor | D64: 29 | E64: 129027689947 | F64: Male | G64: Poojary | H64: Hindu | I64: 16.11.23 | J64: KMC Mangalore | K64: 17.11.23 | L64: KMC Mangalore | M64: 1900gms | N64: Septic shock with DIC Totala nomalous pulmonary venous connection with pulmonary hemorrhage , Late preterm infant of diabetic mother. | O64: 1day | P64: LSCS | Q64: 23.3.23 | R64: 30.12.23 | S64: Primi | T64: BPL | U64: 8th | V64: 9.6.23 | W64: 22.8.23 | Z64: 9.11.23 | AB64: 10.4gms | AC64: 110/70 | AD64: No | AE64: No | AF64: 19 | AG64: 32weeks
A65: 45261
A66: 54 | B66: Kukkehalli | C66: B/o Mamatha W/o Sudheera , H.No 2-202, 5cents Bellampalli | D66: 34 | E66: 129023022328 | F66: Male | H66: Hindu | I66: 19.11.23 | J66: KMC Manipal | K66: 24.11.23 | L66: KMC Manipal | M66: 1110gms | N66: Severe respiratory distress syndrome, prematurity, Very low birth weight pulmonary arterial hypertension shock early onset neonatal sepsis | O66: 5days | P66: LSCS | Q66: 26.4.23 | R66: 3.2.24 | S66: 2 | T66: BPL | U66: 10th | V66: 13.7.23 | W66: 17.8.23 | Y66: 26.7.23 | Z66: 26.8.23 | AA66: 26.9.23 | AB66: 13gms | AC66: 130/70 | AD66: No | AE66: No | AF66: 20 | AG66: 28weeks | AH66: No | AI66: Np
A67: 55 | B67: Malpe | C67: Tanvi B/o Raksha W/o Prashanth Poojary Nergi Kodavoor Vadobandeshwara | D67: 33 | E67: 129027162182 | F67: Female | G67: Poojary | H67: Hindu | I67: 4.4.23 | J67: TMA Pai Udupi | K67: 10.12.23 | L67: KMC Manipal | M67: 2675gms | N67: Status Epilepticus severe metabolic acidosis | O67: 8months | P67: LSCS | Q67: 13.7.22 | R67: 20.4.23 | S67: 1 | T67: APL | U67: MBA | V67: 15.9.22 | W67: 21.10.22 | Y67: 21.10.22 | Z67: 20.11.22 | AA67: 22.12.22 | AB67: 13gms | AC67: 110/70 | AD67: No | AE67: No | AF67: 25 | AG67: 35weeks | AH67: No | AI67: np
A68: 56 | B68: UPHC Udupi | C68: Smarth B/o Geetha W/o Chidananda, Mooduthota, Moodabettu | D68: 27 | E68: 129027542710 | F68: Female | H68: Hindu | I68: 15.7.23 | J68: PHC Chamala Shahapura Yadgir | K68: 20.10.23 | L68: DH Kalburgi | M68: 3500gms | N68: Bronchopneumonia with severe sepsis and DIC due to IEM | O68: 3m5days | P68: Normal | Q68: 17.10.22 | R68: 24.7.23 | S68: 2 | T68: BPL | U68: SSLC | V68: 8.3.23 | W68: 2.4.23 | Y68: 20.1.23 | Z68: 19.2.23 | AA68: 20.3.23 | AB68: 12gms | AC68: 110/70 | AD68: No | AE68: No | AF68: 18 | AG68: 36weeks | AH68: No | AI68: d
A69: 57 | B69: Kota | C69: Niyathi B/o Asha W/o Chandra Scents Moodugiliyaru | D69: 30 | E69: 129027166475 | F69: Female | G69: SC | H69: Hindu | I69: 9.10.23 | J69: Manish Hospital Kundapura | K69: 12.12.23 | L69: Home (Moodugiliyaru | M69: 2800gms | N69: Aspiration? | O69: 2m3days | P69: LSCS | Q69: 3.1.23 | R69: 10.10.23 | S69: G2P1L0Ab1 | T69: BPL | U69: puc&8th | V69: 6.4.23 | W69: 6.5.23 | Y69: 20.4.23 | Z69: 20.5.23 | AA69: 19.6.23 | AB69: 11.5gms | AC69: 120/70 | AD69: No | AE69: No | AF69: 18 | AG69: 37weeks | AH69: No | AI69: d
A70: 58 | B70: Muniyal | C70: B/o Vasanthi W/o Ravi Harijana Padukudura Shakegudde Yellare Muniyal | D70: 29 | E70: 129022727875 | F70: Female | G70: SC | H70: Hindu | I70: 24.11.23 | J70: Lady Goschen Hospital M'lore | K70: 2.12.23 | L70: Lady Goschen Hosptial M'lore | M70: 940gms | N70: Pulmonary Haemorrhage Extreme Low birth weight | O70: 8days | P70: Normal | Q70: 28.3.23 | R70: 5.1.24 | S70: G2P1L1 | T70: BPL | U70: 6th&9th | V70: - | W70: - | X70: 01.6.23 | Y70: 22.6.23 | Z70: 28.8.23 | AA70: 4.10.23 | AB70: 9gms | AC70: 132/80 | AD70: No | AE70: No | AF70: No | AG70: 34weeks | AH70: No | AI70: Audited DC
A71: 45292
A72: 59 | B72: Haladi | C72: B/o Jalaja W/o Balakrishna Hegde Horlijaddu Kullunje Haladi | D72: 37 | E72: 129027749081 | F72: Male | G72: Shetty | H72: Hindu | I72: 28.12.23 | J72: KMC Manipal | K72: 17.1.24 | L72: KMC Manipal | M72: 870gms | N72: Early Preterm29+weeks extremely low birth weight small for gestational age/nectrotising enterocolitis stage3/late onset neonatal sepsis escherichia coli/refractory septic shock multi organ dysfunction | O72: 20days | P72: LSCS | Q72: 15.6.23 | R72: 24.3.24 | S72: G2P0A1 | T72: BPL | U72: 10th&10th | V72: 25.10.23 | W72: 25.11.23 | Y72: 19.12.23 | AB72: 12gms | AC72: 110/70 | AD72: No | AE72: Triplet IVF | AF72: 18.3 | AG72: 29+weeks | AH72: No
A73: 60 | B73: Byndoor | C73: B/o Poornima W/o Vinayaka Bhandari Udooru Yedthare B Byndoor | D73: 28 | E73: 129027721596 | F73: Male | G73: Bhandari | H73: Hindu | I73: 09.12.23 | J73: Lady Goschen Hospital M'lore | K73: 08.1.24 | L73: Lady Goschen Hosptial M'lore | M73: 1380gms | N73: Neonatal Sepsis prematurity with LBW | O73: 30days | P73: LSCS | Q73: 15.4.23 | R73: 22.1.24 | S73: Primi | T73: BPL | U73: PUC/BA | V73: 24.7.23 | W73: 31.8.23 | X73: - | Y73: 14.8.23 | AB73: 11gms | AC73: 120/80 | AD73: No | AE73: Blood group O-ve | AF73: 24 | AG73: 32weeks | AH73: No
A74: 61 | B74: Kirimanjeshwara | C74: B/o Akshatha K Marati, W/o Vijay Marati Kalmata Kalthodu Byndoor | D74: 21 | E74: 129025145116 | F74: Male | G74: ST | H74: Hindu | I74: 26.12.23 | J74: Lady Goschen Hospital M'lore | K74: 31.12.23 | L74: Lady Goschen Hosptial M'lore | M74: 920gms | N74: Extreme Prematurity & Low Birth weight | O74: 5days | P74: Normal | Q74: 20.6.23 | R74: 27.3.24 | S74: G3P0A2 | T74: BPL | U74: 7th | V74: - | W74: - | X74: 29.9.23 | Y74: 22.12.23 | AB74: 12.6gms | AC74: 110/70 | AD74: No | AE74: Cirvicle stich previous 2 abortion | AF74: 19 | AG74: 32weeks | AH74: No
A75: 62 | B75: Kemmannu | C75: B/o Shekavva W/o Umesh Baradur C/o Saraswathi Devdas Sampath Complex Shrinagara Tenkanidiyoor | D75: 22 | E75: 129027746753 | F75: Male | G75: Kuruba(ST) | H75: Hindu | I75: 5.1.24 | J75: Lady Goschen Hospital M'lore | K75: 10.1.24 | L75: Lady Goschen Hosptial M'lore | M75: 1360gms | N75: Esophageal Atresia | O75: 5days | P75: LSCS | Q75: 1.5.23 | R75: 8.2.24 | S75: G3Ab1MTP1 | T75: BPL | U75: 8th&10th | V75: 7.8.23 | W75: 11.9.23 | Y75: 5.8.23 | Z75: 5.9.23 | AA75: 6.10.23 | AB75: 12gms | AC75: 110/70 | AD75: No | AE75: G3Ab1MTP1 | AF75: 20.1 | AG75: 36weeks | AH75: No
A76: 63 | B76: Malpe | C76: B/o Kavisha W/o Sonal Bangera H.No5 1008, Near Kidiyoor post | D76: 36 | E76: 129027964974 | F76: Female | G76: Poojary | H76: Hindu | I76: 5.1.24 | J76: KMC Manipal | K76: 17.1.24 | L76: KMC Manipal | M76: 3100gms | N76: Term(37weeks+5days) Appropriate for gestational age/refractory cardiogenic shock/congenital dilated cardiomyopathy (Genetic) | O76: 12days | P76: LSCS | Q76: 29.4.23 | R76: 6.1.24 | S76: Primi | T76: APL | V76: 31.8.23 | W76: 27.10.23 | Y76: 21.7.23 | Z76: 31.8.23 | AA76: 14.9.23 | AB76: 13.3gms | AC76: 120/70 | AD76: No | AE76: NO | AG76: 40weeks | AH76: No
A77: 64 | B77: Padubidri | C77: B/o Surekha W/o Prashanth1-21 Kripa Nilaya Near Mata, Kanchnadka | D77: 38 | E77: 129014446287 | F77: Female | H77: Hindu | I77: 5.2.23 | J77: MCH Udupi | K77: 30.12.23 | L77: On the way to Hospital | M77: 3200gms | N77: Billary Atresia with chronic liver disease | O77: 10m26days | P77: Normal | Q77: 12.5.22 | R77: 19.2.23 | S77: Primi | T77: BPL | U77: 9th | X77: 23.9.22 | Y77: 16.8.23 | Z77: 18.9.23 | AA77: 20.10.23 | AB77: 10gms | AC77: 120/80 | AD77: No | AE77: NO | AF77: 25 | AG77: 38+5weeks | AH77: No
A78: 65 | B78: Shirva | C78: Sony W/o Ganesh Moodumattar Shirva | D78: 33 | E78: 129019834132 | F78: Male | G78: ST | H78: Hindu | I78: 11.12.23 | J78: Lady Goschen Hospital M'lore | K78: 3.1.24 | L78: On the way to Hospital(108) | M78: 1700gms | N78: Hypoglycemia sepsis small gestation.LBW | O78: 22days | P78: LSCS | Q78: 27.3.23 | R78: 3.1.24 | S78: Primi | T78: BPL | U78: 10th | V78: 20.5.23 | W78: 12.7.23 | Y78: 12.7.23 | Z78: 10.8.23 | AA78: 11.9.23 | AB78: 12gms | AC78: 120/80 | AD78: No | AE78: NO | AF78: 21 | AG78: 37weeks | AH78: No
A79: 66 | B79: Mudarangadi | C79: B/o Ramlath W/o Mansoor Ahmed Elluru Paniyoor Mudarangadi | D79: 32 | E79: 129011525080 | F79: Female | G79: Muslim | H79: Muslim | I79: 25.10.23 | J79: A J hospital M'lore | K79: 17.1.24 | L79: K S Hegde Hospital M'lore | M79: 2600gms | N79: K/C/O Pierre Robinson syndrome cleft palate(Soft palate)S/p Glossopexy Failure to thrive/severe acute malnutrition/GERD/congenital laryngomalacia/ anemia | O79: 2m23days | P79: Normal | Q79: 24.1.23 | R79: 31.10.23 | S79: II | T79: No card | U79: puc | V79: 15.7.23 | W79: 19.8.23 | Y79: 10.5.23 | Z79: 12.6.23 | AA79: 13.7.23 | AB79: 12gms | AC79: 120/70 | AD79: No | AE79: NO | AF79: 20 | AG79: 39weeks
A80: 67 | B80: Mudarangadi | C80: Adithya S/o Bharathi W/o Suresh Moodu palimaru Mudarangadi | D80: 33 | E80: 129024062236 | F80: Male | G80: Hindu | H80: Hindu | I80: 8.2.23 | J80: MCH Udupi | K80: 10.1.24 | L80: Home | M80: 2800gms | N80: West syndrome global developmental delay Siezures dyskinesia and movement disorder | O80: 11m2days | P80: Normal | Q80: 11.5.22 | R80: 18.2.23 | S80: II | T80: BPL | U80: Degree | X80: 14.8.23 | Y80: 10.9.23 | Z80: 11.10.23 | AA80: 13.11.22 | AB80: 12gms | AC80: 120/70 | AD80: No | AE80: NO | AF80: 23 | AG80: 34weeks
A81: 68 | B81: Sastana | C81: B/o Pramoda W/o Ravi Poojary matathota Pandeshwara | D81: 30 | E81: 129027651915 | F81: Male | G81: Poojary | H81: Hindu | I81: 12.1.24 | J81: CHC Kota | K81: 12.1.24 | L81: CHC Kota | M81: 2800gms | N81: Mild degree oligominous mild assymetrical IUGR severe PE Cardio Respiratory Arrest due to Aspiration | O81: 3hours | P81: LSCS | Q81: 6.4.23 | R81: 13.1.24 | S81: G1P1L0 | T81: BPL | U81: 10tg&10th | V81: 01.6.23 | W81: 06.7.23 | Y81: 6.7.23 | Z81: 5.8.23 | AA81: 04.9.23 | AB81: 12.2gms | AC81: 100/70 | AD81: No | AE81: NO | AF81: 21 | AG81: 40weeks
A82: 69 | B82: Idu | C82: Shifabanu B/o Hasina Sabhir, Shakil Manzil Karimbail, Idu | D82: 33 | E82: 129027495150 | F82: Female | G82: Muslim | H82: Muslim | I82: 30.9.23 | J82: Lady Goschen Hospital M'lore | K82: 19.1.24 | L82: Home | M82: 2700gms | N82: Obstructive Jaundice Biliary Atresia Downs Phenotype | O82: 3m19days | P82: LSCS | Q82: 1.1.23 | R82: 8.10.23 | S82: Peimi | T82: BPL | U82: 10th | V82: 30.3.23 | W82: 11.5.23 | Y82: 30.3.23 | Z82: 27.4.23 | AA82: 8.6.23 | AB82: 11.7gms | AC82: 120/70 | AE82: NO | AF82: 27.2 | AG82: 38wee+6days
A83: 45323
A84: 70 | B84: Gangolli | C84: B/o Maithri W/o Dayananda Muvathmudi Hemmadi Gangolli | D84: 33 | E84: 129024664016 | F84: Female | G84: Poojary | H84: Hindu | I84: 20.7.23 | J84: KMC Manipal | K84: 22.2.24 | L84: KMC Manipal | M84: 590gms | N84: Viral Pneumonia Chronic Lung Disease Extreme Prematurity | O84: 7m2days | P84: Normal | Q84: 6.2.23 | R84: 13.11.23 | S84: Primi | T84: BPL | U84: Bed/PUC | V84: 24.4.23 | W84: 14.6.23 | Y84: 20.7.23 | AB84: 12.7gms | AC84: 120/70 | AD84: No | AE84: Low lying placnenta mild Degree short cervix | AF84: 26 | AG84: 23weeks | AH84: No
A85: 71 | B85: Byndoor | C85: Sanketh B/o Anitha W/o Janardhana Poojary Alandoor Yadthare Byndoor | D85: 37 | E85: 129027721292 | F85: Male | G85: Poojary | H85: Hindu | I85: 28.12.23 | J85: G H Kundapura | K85: 12.2.24 | L85: Home | M85: 2760gms | N85: IEM CHD PPHN Awaiting Autopsy report | O85: 45days | P85: Normal | Q85: 7.4.23 | R85: 14.1.24 | S85: G3P2L2 | T85: BPL | U85: 10th | V85: 3.7.23 | W85: 3.8.23 | Y85: 11.12.23 | AB85: 13.4gms | AC85: 110/80 | AD85: No | AE85: NO | AF85: 20 | AG85: 38+Weeks | AH85: No
A86: 72 | B86: Kaup | C86: B/o Naima W/o Asif Bharathnagar Uliyaragoli Kaup | D86: 29 | E86: 129020737117 | F86: Male | G86: Muslim | H86: Muslim | I86: 11.2.24 | J86: KMC Manipal | K86: 13.2.24 | L86: KMC Manipal | M86: 720gms | N86: Pulmonary Hemorrhage grade 3 intraventricular Hemorrhage refactory shock severe RDS birth Asphyxia extreme preterm low birth weight | O86: 2days | P86: Normal | Q86: 29.8.23 | R86: 4.6.24 | S86: 2nd | T86: APL | U86: puc | V86: 23.12.23 | W86: 23.1.24 | Y86: 26.12.23 | Z86: 24.1.24 | AB86: 13gms | AC86: 110/70 | AD86: No | AE86: NO | AF86: 26 | AH86: Yes
A87: 73 | B87: Padubidri | C87: B/o Tejaswini W/o Prashanth Kamala Nivas, D.No 523, Koralagudde S S Road Hejamady | D87: 26 | E87: 129027800087 | F87: Male | G87: Hindu | H87: Hindu | I87: 17.1.24 | J87: KMC Manipal | K87: 26.1.24 | L87: KMC Manipal | M87: 2450gms | N87: Late Preterm(34+2) AGA/LBW/Severe RDS/Massive Pulmonary Hemorrhage/Severe PPHN | O87: 10days | P87: LSCS | Q87: 22.5.23 | R87: 29.2.24 | S87: Primi | T87: BPL | U87: B.com | V87: 31.8.23 | W87: 30.10.23 | Y87: 09.8.23 | Z87: 10.9.23 | AA87: 09.10.23 | AB87: 12.2gms | AC87: 120/80 | AD87: No | AE87: NO | AF87: 22 | AH87: Yes
A88: 74 | B88: Ajekar | C88: Mohammed Rafan B/o Ashmath K S W/o Mansoor Abhubakkar Ajekar | D88: 28 | E88: 129011399625 | F88: Male | G88: Muslim | H88: Muslim | I88: 23.3.23 | J88: G H Koppa | K88: 18.2.24 | L88: SCS Hospital M'lore | M88: 3300gms | N88: Respiratory failure Global developmental delay Progressive neurological dysfunction | O88: 10m26days | P88: LSCS | Q88: 22.6.22 | R88: 29.3.23 | S88: G3P2L1Ab1 | T88: BPL | U88: SSlc&SSLC | V88: 22.9.22 | W88: 27.10.22 | Y88: 20.9.22 | Z88: 24.11.22 | AA88: 16.1.23 | AB88: 12.8gms | AC88: 110/70 | AD88: No | AE88: Previous LSCS | AF88: 28 | AG88: 36weeks | AH88: Yes
A89: 75 | B89: Palli | C89: B/o Jyothi W/o Shivarama Near School Palli | D89: 36 | E89: 129028009577 | F89: Male | G89: SC | H89: Hindu | I89: 8.2.24 | J89: MCH Udupi | K89: 9.2.24 | L89: MCH Udupi | M89: 700gms | N89: Extreme Preterm & LBW 25weeks+5days (Hyaline Membrance Disease) | O89: 1day | P89: Spontaneous | Q89: 12.8.23 | R89: 18.5.24 | S89: G4P2L1A2 | T89: BPL | U89: 4th | V89: 16.11.23 | W89: 16.12.23 | Y89: 16.11.23 | Z89: 15.12.23 | AA89: 15.1.24 | AB89: 11gms | AC89: 98/64 | AD89: No | AE89: Previous LSCS | AF89: 17.11 | AG89: 25weeks5day | AH89: Yes
A90: 45352
A91: 76 | B91: Padubidri | C91: Fathima Farhana w/o Abdul Hameed 1-14c-15 Baithul Mabhashir Nadsal, Padubidri | D91: 35 | E91: 129011396575 | F91: Female | G91: Muslim | H91: Muslim | I91: 6.2.24 | J91: Tara clinic | K91: 19.2.24 | L91: On the way | M91: 1900gms | N91: Congenital Heart disease | O91: 13 days | P91: Normal | Q91: 27.4.23 | R91: 4.2.24 | S91: G4P1L1A2 | T91: APL | U91: B.A | V91: 20.7.23 | W91: 21.10.23 | Y91: 3.8.23 | Z91: 4.9.23 | AB91: 11.9gms | AC91: 120/80 | AD91: No | AE91: No | AF91: 26 | AH91: Yes
A92: 77 | B92: Kaup | C92: Deeksha Rao W/o Divyanshu Shanubhogara mane Opp Govt College Mallar, Kaup | D92: 30 | E92: 129028200191 | F92: Male | G92: others | H92: Hindu | I92: 20.3.24 | J92: K.M.C Manipal | K92: 27.3.24 | L92: K.M.C Manipal | M92: 1510gms | N92: GR IV Intracranial Hemorrhage Right cerebral Hemisphere Enterobacter Cloacaf Sepsis Moderate preterm LBW Small EDR Gestational age | O92: 7 days | P92: Lscs | Q92: 27.7.23 | R92: 2.5.24 | S92: Primi | T92: APL | U92: BE | V92: 2.12.23 | W92: 11.1.24 | Y92: 6.11.23 | Z92: 5.12.23 | AB92: 12.6gms | AC92: 110/70 | AD92: No | AE92: No | AF92: 24 | AH92: Yes
A93: 78 | B93: Kaup | C93: B/o Amitha W/o Vasanth Ganga Nivas Padumane, Kaup | D93: 37 | E93: 129012901437 | F93: Female | G93: others | H93: Hindu | I93: 27.3.24 | J93: K.M.C Manipal | K93: 31.3.24 | L93: K.M.C Manipal | M93: 1800gms | N93: Late preterm(34 wks) low birth weight 1.8kg Appropriate for gestational age Prenatal asphyxia Hypotonia with contracture arithrocryprosis/Arthogryposis/Underscended testis/Severe hypoxic ischaemic encephalopathy/Antenatal suspected fetal akinesia deformation sequence/sespected neuromuscular disease. | O93: 5 days | P93: LSCS | Q93: 2.8.23 | R93: 8.5.23 | S93: G2p1l1iud1 | T93: APL | U93: B COM | V93: 9.10.23 | W93: 9.12.23 | Y93: 2.12.23 | Z93: 01.01.24 | AB93: 13.9gms | AC93: 130/80 | AD93: No | AE93: No | AF93: 24 | AH93: Yes
A94: 79 | B94: Brahmavra | C94: B/o Ayesha Shafana W/o Sufaid Abdul Khader Jailani 2-61/1A Matapady Brahmavara Taluk Udupi | D94: 24 | E94: 129028083685 | F94: Female | G94: Muslim | H94: Muslim | I94: 4.3.24 | J94: City Hospital Udupi | K94: 19.3.24 | L94: KMC Manipal | M94: 3520gms | N94: Severe PPHN with congenital heart disease (ASD,PDA) with culture nagative sepsis with DIC with suspected inborn error of metabolism | O94: 15days | P94: LSCS | Q94: 10.6.23 | R94: 16.3.24 | S94: Primi | T94: APL | U94: Mcom | V94: 13.1.24 | W94: 14.2.24 | Y94: 2.10.23 | Z94: 3.11.23 | AA94: 2.12.23 | AB94: 12 | AC94: 120/70 | AD94: No | AE94: No | AF94: 34 | AH94: No
A95: 80 | B95: Kokkarne | C95: B/o Vimala Bai W/o Prakash Naik Halli Padu Kotambailu 34th Kudi Village Kokkarne | D95: 30 | E95: 129027865159 | F95: Male | G95: ST | H95: Hindu | I95: 13.2.24 | J95: Lady Goschen Hospital M'lore | K95: 5.3.24 | L95: Lady Goschen Hospital M'lore | M95: 990gms | N95: phuemo mediastinum causing mediastinum pneumothorax low birth weight sepsis | O95: 22days | P95: LSCS | Q95: 24.6.23 | R95: 30.3.24 | S95: Primi | T95: BPL | U95: MA | V95: 22.9.23 | W95: 25.10.23 | Y95: 25.9.23 | Z95: 25.10.23 | AA95: 24.11.23 | AB95: 12.8 | AC95: 130/90 | AD95: No | AE95: No | AF95: 28 | AH95: Yes
A96: 81 | B96: Siddapura | C96: B/o Jaya W/o Sudhakar Bhoovi , Kalakuradi, Yadamoge, Siddapura | D96: 30 | E96: 129022030732 | F96: Female | G96: Bhoovi | H96: Hindu | I96: 4.2.24 | J96: Yenopoya Hospital M'lore | K96: 13.3.24 | L96: Yenopoya Hospital M'lore | M96: 1700gms | N96: Early preterm31 weeks+2days ) MCDA Twin1 Catecholamaine Resistant shock respiratory failure refractory seizure | O96: 38days | P96: LSCS | Q96: 30.6.23 | R96: 7.4.24 | S96: G2P2L1 | T96: BPL | U96: 5th &6th | V96: 23.8.23 | W96: 27.9.23 | Y96: 19.1.24 | AB96: 13.5gms | AC96: 100/70 | AD96: No | AE96: No | AF96: 18 | AG96: 31weeks +2days | AH96: Yes
A97: 82 | B97: Donderangadi | C97: B/o Nireeksha W/o Suresh Paljaddu Yellare Donderangadi | D97: 30 | E97: 129018355470 | F97: Female | G97: SC | H97: Hindu | I97: 3.2.24 | J97: PHC Donderangadi | K97: 12.3.24 | L97: Padukuduru Near Primary School | M97: 2750gms | N97: Sudden infant death syndrome | O97: 38days | P97: FTND | Q97: 10.5.23 | R97: 16.2.24 | S97: G4P3L3 | T97: BPL | U97: 4th&4th | V97: 18.10.23 | W97: 24.1.24 | Y97: 16.10.23 | Z97: 15.11.23 | AA97: 16.12.23 | AB97: 9gm | AC97: 110/70 | AD97: No | AE97: No | AF97: 20 | AG97: 36weeks | AH97: Yes

Sheet 2024-25
A2: Sl.NO | B2: PHC name | C2: Name of Infant, parents and address | D2: Age of the mother | E2: Thayi Card No | F2: Sex | G2: Community | H2: Religion | I2: Date of Birth | J2: Place of Birth | K2: Date of death | L2: Place of death | M2: Birth weight in gms | O2: Most probbable cause of death. | P2: Age at death | Q2: Normal/ LSCS | R2: LMP | S2: EDD | T2: Para | U2: APL/BPL | V2: Education | W2: TT given | Z2: IFA Given | AC2: HB% | AD2: BP | AE2: Late Registration reason | AF2: HRP with reason | AG2: BMI<18 (Please Write) | AH2: Gestation | AI2: Mathru poorna Yojane benificiaries
W3: 1st Dose | X3: II Dose | Y3: Booster | Z3: 1st round(last dose 180) | AA3: II round(last dose 360) | AB3: III round
A4: 1 | B4: Byndoor | C4: B/o Poornima W/o Ramachandra Janatha Colony Uppunda | D4: 32 | E4: 129021987641 | F4: Female | G4: Kharvi | H4: Hindu | I4: 4.4.24 | J4: KMC Manipal | K4: 17.4.24 | L4: KMC Manipal | M4: 925gms | N4: LBW , Morderate Prematurity | O4: Early Preterm(31weeks+5day) Extremly low birth weight , Small for gestational age/Birth Asphyxia/Severe respiratory Distress Syndrome Early rescue Surfactant /severe pulmonary Arterial Hypertension Acute Kidney Injury /Hyponatremia/Hypoglycemia/Candida sepsis/Coagulopathy/Pulmonary Haemorrhage | P4: 13days | Q4: LSCS | R4: 26.8.23 | S4: 2.6.24 | T4: G4P1L1A2 | U4: BPL | V4: 10th | W4: 9.11.23 | X4: 1.1.24 | Y4: - | Z4: 1.4.24 | AC4: 10.9gms | AD4: 110/70 | AE4: No | AF4: Previous LSCS | AG4: 22 | AH4: 31weeks5days | AI4: NO
B5: Kemmannu PHC | C5: Balkis banu | D5: 43 | E5: 12902822253 | F5: Male | G5: Muslim | H5: Muslim | I5: 45330 | J5: KMC Manipal | K5: 45393 | L5: KMC Manipal | M5: 2075 gms | N5: Multi Para
A6: 3 | B6: Idu | C6: B/o M Anusha Kumari W/o Shanthiraj Jain Kelagina Karimbyalu Idu | D6: 26 | E6: 129026955634 | F6: Male | G6: Jain | H6: Jain | I6: 12.4.24 | J6: Lady Goschen Hospital M'lore | K6: 16.4.24 | L6: Lady Goschen Hospital M'lore | M6: 2950gms | N6: Others | O6: Multiple Fetal Anomalies Absent Cavum Pellucudum With Septo-Optic Dysplasia? Severe Persistent Pulmonary Hypertension | P6: 3day15hours12m | Q6: LSCS | R6: 8.8.23 | S6: 15.5.24 | T6: G2P1L1 | U6: BPL | V6: M.com PUC | W6: - | X6: - | Y6: 27.12.23 | AB6: 12.3.24 | AC6: 12.6gms | AD6: 120/70 | AE6: No | AF6: Previous LSCS | AG6: 24 | AH6: 34weeks | AI6: Yes
A7: 4 | B7: Korgi | C7: Divani Kumari B/o Pinkidevi Kumari W/o Hareram Paswan , Girija Cashew Factory Asodu Korgi | D7: 34 | E7: 129027788501 | F7: Female | G7: others | H7: Hindu | I7: 9.3.24 | J7: G H Kundapura | K7: 17.5.24 | L7: Home | M7: 2006gms | N7: sids | O7: SIDs | P7: 2m8days | Q7: Normal | R7: 25.6.23 | S7: 1.4.24 | T7: G5P2L2 | V7: Uneducated | W7: 11.8.23 | X7: 12.9.23 | Y7: - | Z7: 11.8.23 | AA7: 11.8.23 | AC7: 10.6gms | AD7: 110/70 | AE7: No | AF7: Rh nagative | AG7: 20 | AH7: 38weeks | AI7: NO
A8: 5 | B8: Byndoor | C8: B/o Bhavya W/o Vinoda Uppinakote Uppunda | D8: 32 | E8: 129027960593 | F8: Male | G8: Kharvi | H8: Hindu | I8: 10.5.24 | J8: Lady Goschen Hospital M'lore | K8: 17.5.24 | L8: Lady Goschen Hospital M'lore | M8: 980gms | N8: LBW, EXTREME PREMATURITY, SEPSIS | O8: Sepsis Prematurity With VLBW | P8: 8days | Q8: LSCS | R8: 22.9.23 | S8: 29.7.24 | T8: G2P1L1 | U8: BPL | V8: BA/Bed | W8: 30.11.23 | X8: 4.1.24 | Y8: - | Z8: 9.4.24 | AC8: 11gms | AD8: 110/70 | AE8: No | AF8: Hypothyrodism | AG8: 15 | AH8: 27weeks | AI8: NO
A9: 6 | B9: Shiroor | C9: B/o Shriraksha W/o Prlash, Subbumane, Tarapathi Paduvary | D9: 29 | E9: 129027194000 | F9: Male | G9: Kharvi | H9: Hindu | I9: 22.4.24 | J9: KMC Manipal | K9: 25.4.24 | L9: Home | M9: 1990gms | N9: MORDERATE PRETERM, | O9: Extreme Preterm Congenital Pneumonia | P9: 3days | Q9: LSCS | R9: 4.10.23 | S9: 11.7.24 | T9: G2P1L0A1 | U9: BPL | V9: Degree/PUC | W9: 6.1.24 | X9: 6.2.24 | Y9: - | Z9: 6.1.24 | AC9: 11.5gms | AD9: 110/80 | AE9: No | AF9: No | AG9: 23 | AH9: 24weeks | AI9: NO
A10: 7 | B10: Brahmavara | C10: B/o Abeeda Mohammed, Brahmavara | D10: 30 | E10: 129025950733 | F10: Male | G10: Muslim | H10: Muslim | I10: 29.2.24 | J10: Gandhi Hospital Udupi | K10: 11.5.24 | L10: Mahesh Hospital Brahmavara | M10: 3200gms | N10: CHD | O10: Fallots Tetrology Cyanotic Spell | P10: 2months | Q10: Normal | R10: 25.5.23 | S10: 4.3.24 | T10: G5 | U10: BPL | V10: Puc&7th | W10: - | X10: - | Y10: 15.9.23 | Z10: 23.8.23 | AA10: 25.9.23 | AB10: 15.10.23 | AC10: 11gms | AD10: 100/60 | AE10: No | AF10: No | AG10: 26 | AH10: 39weeks4days | AI10: NO
A11: 8 | B11: Inna | C11: B/o Swathi W/o Yogish Acharya, Darkas House Kanjarkatte, Inna Santhoor Post | D11: 32 | E11: 129028016904 | F11: Female | G11: Acharya | H11: Hindu | I11: 25.4.24 | J11: A J Hospital Mangalore | K11: 12.5.24 | L11: A J Hospital Mangalore | M11: 1590 | N11: LBW,TWIN,OTHERS | O11: Multi Organ Dysfuction syndrome septic shock bilateral grade 3 intra ventricular hemorrhage with moderate Hydrocephalus neonatal seizures acute kidney injury stage 1 anemia of prematurity moderate respiratory distress syndrome very preterm very low birth weight. | P11: 16days | Q11: LSCS | R11: 28.9.23 | S11: 5.7.24 | T11: G1P0L0 | U11: BPL | V11: Bcom | W11: 26.12.23 | X11: 25.1.24 | Y11: - | Z11: 25.1.24 | AA11: 24.2.24 | AB11: 26.3.24 | AC11: 13.4gms | AD11: 110/70 | AE11: No | AF11: No | AH11: 34weeks4days | AI11: NO
A12: 9 | B12: Inna | C12: B/o Swathi W/o Yogish Acharya, Darkas House Kanjarkatte, Inna Santhoor Post | D12: 32 | E12: 129028016904 | F12: Female | G12: Acharya | H12: Hindu | I12: 25.4.24 | J12: A J Hospital Mangalore | K12: 12.5.24 | L12: A J Hospital Mangalore | M12: 1550 | N12: LBW,TWIN,OTHERS | O12: Multi Organ Dysfuction syndrome septic shock bilateral grade 3 intra ventricular hemorrhage with moderate Hydrocephalus neonatal seizures acute kidney injury stage 1 anemia of prematurity moderate respiratory distress syndrome very preterm very low birth weight. | P12: 16days | Q12: LSCS | R12: 28.9.23 | S12: 5.7.24 | T12: G1P0L1 | U12: BPL | V12: Bcom | W12: 26.12.23 | X12: 25.1.24 | Y12: - | Z12: 25.1.24 | AA12: 24.2.24 | AB12: 26.3.24 | AC12: 13.4gms | AD12: 110/70 | AE12: No | AF12: No | AH12: 34weeks4days | AI12: NO
A13: 10 | B13: Idu PHC | C13: Sanvith B/o Leelavathi W/o Gopala Daivanugraha House, Ballottu, Idu | D13: 34 | E13: 129019608980 | F13: Male | G13: SC | H13: Hindu | I13: 22.3.24 | J13: Lady Goschen Hospital M'lore | K13: 7.5.24 | L13: KMC Manipal | M13: 2580 | N13: Others | O13: Refractory Decompensated Shock Biventricular Failure severe PAH | P13: 1month 15days | Q13: LSCS | R13: 29.9.23 | S13: 6.7.24 | T13: G3P2L2 | U13: BPL | V13: 10th&6th | W13: 16.2.24 | X13: 17.3.24 | Y13: - | Z13: 29.1.24 | AA13: 16.2.24 | AB13: 17.3.24 | AC13: 11.5gms | AD13: 140/80 | AE13: No | AF13: No | AH13: 25weeks | AI13: NO
B14: Malpe PHC

Sheet Sheet1
A2: Sl. No. | B2: Name of Infant, parents and address | C2: Taluk | D2: PHC | E2: Age | F2: Religion | G2: Community | H2: High Risk (Yes / No) | I2: Type of High Risk | AB2: Delivery Type (LSCS / Norma / Induced) | AC2: Gender | AD2: Age of Child at the time of death | AG2: Place of Birth | AH2: Place of Death | AI2: Cause of Death | BE2: Reason for Others | BF2: Preventable Yes / No
I3: Diabetes mellitus | J3: Elderly Primi | K3: Severe Hypertension | L3: Previous Abortion | M3: Low Lying Placenta | N3: Bad Obstetrics History | O3: Aneamia | P3: Sevre Aneamia (Hb<7) | Q3: Preeclampsia | R3: Previous LSCS | S3: Heigh <145 cms | T3: Infectitons like HIV, Sypholiis | U3: Epilpsy / Asthama / Any other Disease | V3: 4 / More Pregnancies | W3: Transverse lie of featus | X3: Tyroid Disease | Y3: IUGR | Z3: Twins / Triplets etc | AA3: Fetal developmental abnormalaitis | AD3: Months | AE3: Days | AF3: Hours | AI3: Low Birth Weight | AJ3: Extreme preterm <28 weeks) | AK3: Early Premature (28-31 weeks) | AL3: Morderate Premature (<32-33 weeks) | AM3: Late Pre-term (34-36 weeks) | AN3: Pneumonia | AO3: Cardiac | AR3: Sepsis | AS3: Respiratory Distress | AT3: Neonatal Asphyxia | AU3: Meconium Aspiration Syndrome | AV3: Necrotinsing Enterocolitis | AW3: Hepatic Cause | AX3: Pneumothorax | AY3: SIDS | AZ3: IUGR | BA3: Hemophagocytic | BB3: Milk Aspiration | BC3: Cronic Liver Disease | BD3: Others
AO4: Myocarditis | AP4: Cardiac Anomoly | AQ4: CHD | BH4: fsadf
A5: 1 | B5: B/o Nismah Aabirah Moulana W/o Abdul Nafi Moulana Gudde House J M Road Gangolli | C5: Kundapura | D5: Gangolli | E5: 27 | F5: Muslim | G5: Muslim | H5: No | AB5: LSCS | AC5: Female | AE5: 8 | AG5: Pvt. Medical College | AH5: Home | AL5: yes | BD5: yes | BE5: Congenital Haemolytic Aneamia, Neonatal Hyper Bilirubilnemia | BF5: No | BH5: Preterm 33weeks Syndromic Baby Congenital Haemolytic Anaemia Neonatal Hyperbillirubinemia
A6: 2 | B6: B/o Grithi Harshitha W/o Manjunath Raghvendra Nilaya Near Kadiyali Temple | C6: Udupi | D6: UPHC Manipal | E6: 29 | F6: Hindu | G6: Devadiga | H6: No | AB6: Normal | AC6: Female | AD6: 6 | AE6: 28 | AG6: Pvt. Hospital | AH6: Pvt. Medical College | AO6: yes | AR6: yes | BF6: No | BH6: Myocarditis with Inotrope Resistant Shock Sepsis with Multiorgan Dysfunction Primary Immunodeficiency with Pyogenic Meningitis
A7: 3 | B7: B/o Hensita Roshni Mendonca Vinesh nithin rodrigues dreams shankarpura kurkalu | C7: Udupi | D7: Moodabettu | E7: 29 | F7: Christian | G7: Christian | H7: No | AB7: LSCS | AC7: Male | AE7: 20 | AG7: Pvt. Hospital | AH7: Pvt. Medical College | AO7: yes | BF7: No | BH7: Complex congenital heart disease Interrupted aortic arch/Pda/Aorto pulmonary window Severe pulmonary artery HTN/AGA/Infant of diabetic mother.
A8: 4 | B8: B/o Meena devi W/o Nikilesh Kumar, Rent House, Horangrapady Near C J Church Padu bailoor 76 Badagabettu | C8: Udupi | D8: FPAI | E8: 30 | F8: Hindu | G8: Lambani | H8: No | AB8: Normal | AC8: Female | AE8: 1 | AG8: Govt. Hospital | AH8: Govt. Hospital | AJ8: Yes | AS8: Yes | BF8: No | BH8: Premature with respiratory distress
A9: 5 | B9: B/o Divya G W/o Santhosh Guthigethota Hejamady Padubidri Udupi | C9: Udupi | D9: Padubidri | E9: 28 | F9: Hindu | G9: Poojary | H9: No | AB9: LSCS | AC9: Male | AD9: 1 | AE9: 19 | AG9: Pvt. Medical College | AH9: Pvt. Medical College | AR9: Yes | AU9: Yes | BF9: Yes | BH9: Term AGA/Neonatal sepsis meconium aspiration syndrome
A10: 6 | B10: B/o Jayanthi Raghavana, Hegdebettu, Kolluru | C10: Kundapura | D10: Kollur | E10: 32 | F10: Hindu | G10: Poojary | H10: Yes | Q10: Yes | AB10: LSCS | AC10: Male | AE10: 10 | AG10: Pvt. Medical College | AH10: Pvt. Medical College | AI10: Yes | AL10: Yes | AR10: Yes | BF10: Yes | BH10: EARLY ONSET NEONETAL SEPSIS/SEPTIC SHOCK MODERATE PAH VERY PRETERM (31+3)/EXTREMELY LOW BIRTH WEIGHT/SGA
A11: 7 | B11: B/o Kushala W/o Prakasha Gowda ST colony, Mangala Nivasa Paithala, Andaru | C11: Karkala | D11: Ajekar | E11: 31 | F11: Hindu | G11: ST | H11: No | AB11: normal | AC11: Male | AD11: 1 | AE11: 1 | AG11: Govt. Hospital | AH11: Home | AY11: Yes | BF11: Yes | BH11: Sudden Infant death syndrome
A12: 8 | B12: B/o Joshna Swain W/o Santhosh Kumar Swain Gujjarbettu Kemmannu | C12: Udupi | D12: Kemmannu | E12: 25 | F12: Hindu | G12: Polai | H12: No | AB12: LSCS | AC12: Male | AE12: 1 | AG12: Govt. Hospital | AH12: Transit | AT12: Yes | BF12: Yes | BH12: Severe birth asphyxia
A13: 9 | B13: Dakshayini K C C/o Suresh 3rd cross Rajivnagara Nejar | C13: Udupi | D13: Kemmannu | E13: 31 | F13: Hindu | G13: SC | H13: No | AB13: LSCS | AC13: Female | AE13: 19 | AG13: Pvt. Medical College | AH13: Pvt. Medical College | AL13: Yes | AR13: Yes | AV13: Yes | BF13: No | BH13: Preterm delivery necrotising enterocolitis late onset acinobacter sepsis with meningitis
A14: 10 | B14: B/o Mumtaz W/o Shamshuddin Global residency Katpady | C14: Udupi | D14: Moodabettu | E14: 31 | F14: Muslim | G14: Muslim | H14: No | AB14: LSCS | AC14: Female | AE14: 1 | AG14: Pvt. Hospital | AH14: Pvt. Medical College | AU14: Yes | BF14: Yes | BH14: Refractory cardiac arrest/Severe Meconium aspiration syndrome
A15: 11 | B15: B/o Supreetha W/o Sandeep Kumar Shetty Hanbinagadde Gudibettu Ampar | C15: Kundapura | D15: Shankaranarayana | E15: 31 | F15: Hindu | G15: Shetty | H15: No | AB15: LSCS | AC15: Male | AD15: 2 | AE15: 19 | AG15: Pvt. Medical College | AH15: Pvt. Medical College | AJ15: Yes | AN15: Yes | BF15: No | BH15: Severe Chronic Lung disease sever pneumonia extreme Prematurity
A16: 12 | B16: B/o Nethravathi W/o Nagaraja Poojary Chodra Angadimane Golihole | C16: Kundapura | D16: Kollur | E16: 26 | F16: Hindu | G16: Poojary | H16: No | AB16: Normal | AC16: Male | AE16: 9 | AG16: Pvt. Medical College | AH16: Pvt. Medical College | AJ16: Yes | AS16: Yes | AV16: Yes | BF16: No | BH16: Necrotizing enterocololitis stage II respiratory distress syndrome extreme prematurity
A17: 13 | B17: B/o Nethravathi W/o Nagaraja Poojary Chodra Angadimane Golihole | C17: Kundapura | D17: Kollur | E17: 26 | F17: Hindu | G17: Poojary | H17: No | AB17: Normal | AC17: Male | AE17: 3 | AG17: Pvt. Medical College | AH17: Pvt. Medical College | AJ17: Yes | AS17: Yes | BF17: No | BH17: Pulmonary Hemorrhage left tension pnemothorax extreme PT/ELBWAGA/Severe RDS/DCDA twin2
A18: 14 | B18: B/o Priya W/o Babu, Kamthyarbettu Beejadi Kumbhashi | C18: Kundapura | D18: Kumbhashi | E18: 30 | F18: Hindu | G18: SC | H18: No | AB18: Normal | AC18: Female | AD18: 2 | AE18: 26 | AG18: Govt. Hospital | AH18: Pvt. Medical College | AN18: Yes | BF18: No | BH18: Severe pulmonary artery Hypertension Bronchopneumonia failure to thrive, Lactic Acidosis
A19: 15 | B19: Suveeksha B/o Vinoda W/o Surendra Poojary Kullamballi Keradi | C19: Kundapura | D19: Vandse | E19: 29 | F19: Hindu | G19: Poojary | H19: No | AB19: Normal | AC19: Female | AD19: 3 | AE19: 11 | AG19: Pvt. Hospital | AH19: Home | AW19: Yes | BD19: Yes | BE19: Wolmans Disease | BF19: No | BH19: Wolmans Disease secondary Hemophagocytic Lymphohistiocytosis acute on chronic liver disease
A20: 16 | B20: B/o Sabiyabanu W/o Usman Bairy W/o Abdul, Ganesha Nagara Navunda | C20: Kundapura | D20: Maravanthe | E20: 27 | F20: Muslim | G20: Muslim | H20: No | AB20: Normal | AC20: Male | AE20: 3 | AG20: Govt. Hospital | AH20: Pvt. Medical College | AI20: Yes | AJ20: Yes | AX20: Yes | BF20: No | BH20: Pneumothorax extreme prematurity extreme low birth weight
A21: 17 | B21: B/o Radhika W/o Dinesh Naik Hebri | C21: Karkala | D21: Hebri | E21: 25 | F21: Hindu | G21: Kudubi | H21: No | AB21: LSCS | AC21: Female | AF21: 4 | AG21: Pvt. Medical College | AH21: Pvt. Medical College | BD21: Yes | BE21: Hypoxic Ischemic Encephalopathy stage 3rd Dysmorphic facies/perinal asphyxia/shock/severe anaemia/coagulopathy, Late preterm(35+4weeks) AGA/LBW | BF21: No | BH21: Hypoxic Ischemic Encephalopathy stage 3rd Dysmorphic facies/perinal asphyxia/shock/severe anaemia/coagulopathy, Late preterm(35+4weeks) AGA/LBW
A22: 18 | B22: B/o Ozala Anjum 1-152/2 Iqbal Manzil , Kote, Near Koppalangadi Mallar | C22: Udupi | D22: Kaup | E22: 37 | F22: Muslim | G22: Muslim | H22: No | AB22: LSCS | AC22: Male | AE22: 4 | AG22: Govt. Hospital | AH22: Govt. Hospital | AI22: Yes | AJ22: Yes | BF22: No | BH22: Extreme prematurity extreme low birth weight
A23: 19 | B23: Thanusha B/o Savithri Harish Kola Malpe | C23: Udupi | D23: Malpe | E23: 40 | F23: Hindu | G23: Mogaveer | H23: No | AB23: LSCS | AC23: Female | AD23: 3 | AE23: 15 | AG23: Pvt. Medical College | AH23: Pvt. Medical College | BD23: Yes | BE23: Intra Cerebral Haemorrhage, severe Encephalopathy Severe anaemia coagulopathy | BF23: No | BH23: Intra Cerebral Haemorrhage, severe Encephalopathy Severe anaemia coagulopathy
A24: 20 | B24: Samraksha B/o Bharathi W/o Santhosh Kelachakkerbettu Vandaru Avarse | C24: Udupi | D24: Avarse | E24: 36 | F24: Hindu | G24: Kulal | H24: No | AB24: Normal | AC24: Female | AD24: 1 | AE24: 26 | AG24: Govt. Hospital | AH24: Home | BB24: Yes | BF24: Yes | BH24: Milk Aspiration
A25: 21 | B25: B/o Shridevi W/o Prasad Kumar Kandavara Basrur | C25: Kundapura | D25: Basrur | E25: 24 | F25: Hindu | G25: Shetty | H25: Yes | R25: Yes | AB25: LSCS | AC25: Female | AD25: 2 | AE25: 17 | AG25: Pvt. Medical College | AH25: Home | BD25: Yes | BE25: AML/Megakaryocytic Downs Syndrome moderate ASD with small PDA | BF25: No | BH25: Cardiorespiratory failure with septicemia with sacro Coccygeak Teratoma operated transient abnormal Amyelopoisis AML/Megakaryocytic Downs Syndrome moderate ASD with small PDA
A26: 22 | B26: B/o Mallika, S/o Sathish Shetty Aparna Nilaya Kalthodu | C26: Kundapura | D26: Kirimanjeshwara | E26: 34 | F26: Hindu | G26: Shetty | H26: Yes | R26: Yes | AB26: LSCS | AC26: Male | AD26: 4 | AE26: 5 | AG26: Pvt. Medical College | AH26: Pvt. Medical College | AI26: Yes | AS26: Yes | BD26: Yes | BE26: Chronic Lung Disease, Chronic Pulmonary Artery Hypertension, | BF26: No | BH26: Chronic Lung Disease, Chronic Pulmonary Artery Hypertension, Respiratory Distress Syndrome
A27: 23 | B27: B/o Nethra W/o Husein Uroof, Prasanna Vesadari, Tent House Mullikatte Hosadu | C27: Kundapura | D27: Maravanthe | E27: 25 | F27: Hindu | G27: Hindu | H27: Yes | R27: Yes | Z27: Yes | AB27: LSCS | AC27: Female | AE27: 5 | AG27: Govt. Hospital | AH27: Govt. Hospital | AI27: Yes | AJ27: Yes | BF27: No | BH27: Triplets Prematurity Low birth weight
A28: 24 | B28: B/o Nethra W/o Husein Uroof, Prasanna Vesadari, Tent House Mullikatte Hosadu | C28: Kundapura | D28: Maravanthe | E28: 25 | F28: Hindu | G28: Hindu | H28: Yes | R28: Yes | Z28: Yes | AB28: LSCS | AC28: Female | AE28: 5 | AG28: Govt. Hospital | AH28: Govt. Hospital | AI28: Yes | AJ28: Yes | BF28: No | BH28: Triplets Prematurity Low birth weight
A29: 25 | B29: B/o Nethra W/o Husein Uroof, Prasanna Vesadari, Tent House Mullikatte Hosadu | C29: Kundapura | D29: Maravanthe | E29: 25 | F29: Hindu | G29: Hindu | H29: Yes | R29: Yes | Z29: Yes | AB29: LSCS | AC29: Female | AE29: 5 | AG29: Govt. Hospital | AH29: Govt. Hospital | AI29: Yes | AJ29: Yes | BF29: No | BH29: Triplets Prematurity Low birth weight
A30: 26 | B30: B/o Jyothi W/o Ramesh Adapadi Durgadevi Sannidi House Palli | C30: Karkala | D30: Palli | E30: 38 | F30: Hindu | G30: Achari | H30: Yes | J30: Yes | AB30: LSCS | AC30: Female | AE30: 11 | AG30: Govt. Hospital | AH30: Govt. Hospital | AR30: Yes | BF30: Yes | BH30: Pulmonary Haemorrhage early onset sepsis(SGA)
A31: 27 | B31: B/o Nalini W/o Shekara, Thandava Kunja, Ninjoor Palli | C31: Karkala | D31: Palli | E31: 35 | F31: Hindu | G31: ST(Koraga) | H31: Yes | J31: Yes | AB31: FTND | AC31: Female | AD31: 3 | AE31: 13 | AG31: Govt. Hospital | AH31: Home | BB31: Yes | BF31: Yes | BH31: Sudden death with excessive cry
A32: 28 | B32: B/o Asha Naik W/o Naveen Naik Ananthanagara Manipal | C32: Udupi | D32: UPHC Manipal | E32: 32 | F32: Hindu | G32: ST(Naik) | H32: No | AB32: Normal | AC32: Male | AE32: 1 | AG32: Pvt. Hospital | AH32: Pvt. Medical College | AI32: Yes | AJ32: Yes | BF32: No | BH32: Extreme Preterm 24weeks 5days LBW Perinal Asphyxia Severe Respiratory distress syndrome Right sided Phnuemothorax Garde 2 IUH pulmonary Haemorrhage
A33: 29 | B33: Rishika B/o Vani W/o Late Chandra Naik Thadagal Nenchar Village Kokkarne | C33: Udupi | D33: Kokkarne | E33: 27 | F33: Hindu | G33: ST(Naik) | H33: No | AB33: Normal | AC33: Female | AD33: 2 | AE33: 27 | AG33: Govt. Hospital | AH33: Home | AR33: Yes | BB33: Yes | BF33: Yes | BH33: PM report awaited (KMC Manipal)
A34: 30 | B34: B/o Jyothi W/o Deekshith Near Mata, Kanchinadka Padubidri | C34: Udupi | D34: Padubidri | E34: 34 | F34: Hindu | G34: SC | H34: Yes | O34: Yes | AB34: Normal | AC34: Female | AE34: 6 | AG34: Pvt. Medical College | AH34: Pvt. Medical College | BB34: Yes | BF34: No | BH34: Extreme Preterm Appropriate for gestational age/ELBW Severe respiratory distress syndrome/pulmonary hemorrhage/acute kidney injury
A35: 31 | B35: B/o Vinoda Kadirapalke Yerlapadi Bailoor | C35: Karkala | D35: Bailoor | E35: 22 | F35: Hindu | G35: SC | H35: Yes | R35: Yes | AB35: LSCS | AC35: Male | AD35: 1 | AE35: 29 | AG35: Govt. Hospital | AH35: Home | BB35: Yes | BF35: Yes | BH35: Aspiration?
A36: 32 | B36: B/o Vanitha Devadiga W/o Dinesh Devadiga Kamil Darkas Jarkala Yerlapady | C36: Karkala | D36: Bailoor | E36: 34 | F36: Hindu | G36: Devadiga | H36: Yes | K36: Yes | R36: Yes | AB36: LSCS | AC36: Male | AE36: 17 | AG36: Pvt. Medical College | AH36: Pvt. Medical College | AR36: Yes | BF36: No | BH36: Septic shock culture positive sepsis Ecoli, Extreme Preterm 27+weeks AGA
A37: 33 | B37: B/o Padmavathi W/o Ravi Guddakibettu Yennehole | C37: Karkala | D37: Ajekar | E37: 31 | F37: Hindu | G37: SC | H37: No | AB37: LSCS | AC37: Male | AD37: 1 | AE37: 3 | AG37: Govt. Hospital | AH37: Home | AI37: Yes | AS37: Yes | BF37: Yes | BH37: Prematurity LBW Respiratory Distress
A38: 34 | B38: B/o Soni W/o Sandeep Peradka Mala | C38: Karkala | D38: Mala | E38: 17 | F38: Hindu | G38: SC | H38: Yes | Z38: Yes | AB38: LSCS | AC38: Male | AE38: 6 | AG38: Govt. Hospital | AH38: Govt. Hospital | AL38: Yes | BD38: Yes | BE38: Pregnancy induced Hypertension | BF38: No | BH38: Awaiting PM report
A39: 35 | B39: Mohammed Nuhu Alisha W/o Mohammed Nadim, Near Julpa store Kandlur | C39: Kundapura | D39: Kandlur | E39: 19 | F39: Muslim | G39: Muslim | H39: No | AB39: Normal | AC39: Male | AD39: 2 | AE39: 19 | AG39: Pvt. Medical College | AH39: Home | BD39: Yes | BE39: Cardio Pulmonary arrest , Carpenter syndrome2, Hypoxic ischemic encephalopathy with sepsis | BF39: No | BH39: Cardio Pulmonary arrest , Carpenter syndrome2, Hypoxic ischemic encephalopathy with sepsis
A40: 36 | B40: B/o Mubeen Kausar W/o Mohammed Sanavulla, Kabrady Kandlur | C40: Kundapura | D40: Kandlur | E40: 41 | F40: Muslim | G40: Muslim | H40: Yes | I40: Yes | L40: Yes | O40: Yes | AB40: Normal | AC40: Male | AE40: 7 | AG40: Pvt. Medical College | AH40: Pvt. Medical College | AJ40: Yes | AS40: Yes | BF40: No | BH40: Severe respiratory distress syndrome Extreme preterm AGA LBW
A41: 37 | B41: B/o Rameeza W/o Navaz Ahamed Main Road Moodugopadi | C41: Kundapura | D41: Kumbhashi | E41: 25 | F41: Muslim | G41: Muslim | H41: Yes | L41: Yes | AB41: Normal | AC41: Male | AD41: 1 | AE41: 6 | AG41: Govt. Hospital | AH41: Home | BD41: Yes | BE41: Transient taechypnea of newborn single umbalical artery and correction of Aorta with PDA moderate pulmonary hypertension | BF41: No | BH41: Transient taechypnea of newborn single umbalical artery and correction of Aorta with PDA moderate pulmonary hypertension
A42: 38 | B42: B/o Deepa W/o Mahabala Malagadde Mane Kenchanur | C42: Kundapura | D42: Vandse(Hattiangadi) | E42: 25 | F42: Hindu | G42: ST | H42: Yes | L42: Yes | AB42: Normal | AC42: Male | AD42: 2 | AE42: 12 | AG42: Govt. Hospital | AH42: Transit | AY42: Yes | BF42: Yes | BH42: Sudden Infant death syndrome
A43: 39 | B43: Girish B/o Geetha W/o Mahadeva Irody Sastana | C43: Udupi | D43: Sastana | E43: 29 | F43: Hindu | G43: SC | H43: No | AB43: Normal | AC43: Male | AD43: 3 | AE43: 29 | AG43: Pvt. Hospital | AH43: Home | BD43: Yes | BE43: Hypertonia & Microcephaly(MMR) | BF43: No | BH43: Hypertonia & Microcephaly(MMR)
A44: 40 | B44: B/o Archana Bhat W/o Shrinidhi, Mahalingeshwara Temple Road Parkala Udupi | C44: Udupi | D44: Hirebettu | E44: 28 | F44: Hindu | G44: Brahmin | H44: No | AB44: Normal | AC44: Male | AE44: 3 | AG44: Pvt. Medical College | AH44: Pvt. Medical College | AI44: Yes | AJ44: Yes | AS44: Yes | BF44: No | BH44: Extreme preterm 24+3weeks appropriate gestational age, extreme LBW PPROM/Severe respiratory distress syndrome
A45: 41 | B45: B/o Saraswathi W/o Chandrashekar, C/o Shankar Shetty Slum Kasturbanagar | C45: Udupi | D45: FPAI | E45: 21 | F45: Hindu | G45: Shetty | H45: No | AB45: LSCS | AC45: Male | AE45: 25 | AG45: Pvt. Medical College | AH45: Pvt. Medical College | BD45: Yes | BE45: intensimal perforation | BF45: No | BH45: Resistant Septic shock due to neonatal sepsis, Restal ileal intensimal perforation , Moderate preterm 32+3weeks AGA
A46: 42 | B46: B/o Umaibanu W/o Zakir Husein Banu Complex Kombagudde, Mallur Kaup | C46: Udupi | D46: Kaup | E46: 36 | F46: Muslim | G46: Muslim | H46: No | AB46: LSCS | AC46: Female | AD46: 5 | AE46: 22 | AG46: Pvt. Hospital | AH46: Home | AZ46: Yes | BF46: Yes | BH46: IUGR 3rd Periventricular Leukomalacia
A47: 43 | B47: B/o Mohammed Unas Razi Rameeza W/o Amarulla Darga Road Belapu | C47: Udupi | D47: Shiva | E47: 34 | F47: Muslim | G47: Muslim | H47: No | AB47: Normal | AC47: Male | AD47: 2 | AE47: 5 | AG47: Pvt. Medical College | AH47: Govt. Hospital | AP47: Yes | BF47: No | BH47: Complex cardiac anamoly
A48: 44 | B48: B/o Shyamala W/o Sudarshana Rajiva Nagara Bangaragudde Hebri | C48: Karkala | D48: Hebri | E48: 30 | F48: Hindu | G48: ST | H48: Yes | N48: Yes | AB48: Normal | AC48: Female | AD48: 4 | AE48: 4 | AG48: Pvt. Medical College | AH48: Pvt. Medical College | AS48: Yes | BD48: Yes | BE48: Pulmonary Haemorrhage severe pulmonary hypertension | BF48: Yes | BH48: Pulmonary Haemorrhage severe pulmonary hypertension with severe respiratory distress
A49: 45 | B49: B/o Suguna W/o Nagaraj SC, Shaleguddemane, Padukuru, YellareMuniyal | C49: Karkala | D49: Muniyal | E49: 32 | F49: Hindu | G49: SC | H49: Yes | N49: Yes | R49: Yes | AB49: LSCS | AC49: Male | AE49: 5 | AG49: Govt. Hospital | AH49: Govt. Hospital | AI49: Yes | AL49: Yes | BF49: Yes | BH49: Disseminated intravascular coagulation prematurity low birth weight
A50: 46 | B50: Shamantha B/o Susheela W/o Sathish Mullihithlu Taggarse | C50: Kundapura | D50: Byndoor | E50: 32 | F50: Hindu | G50: Poojary | H50: Yes | R50: Yes | AB50: LSCS | AC50: Male | AD50: 10 | AE50: 18 | AG50: Govt. Hospital | AH50: Pvt. Medical College | BD50: Yes | BE50: Disseminated Intravascular Coagulation Multi Organ dysfunction syndrome septic shock Acute Respiratory Distress Syndrome, suspected primary Immunodeficiency | BF50: Yes | BH50: Disseminated Intravascular Coagulation Multi Organ dysfunction syndrome septic shock Acute Respiratory Distress Syndrome, suspected primary Immunodeficiency
A51: 47 | B51: B/o Usha Krishna Shetty W/o Ashok Shetty Mooruru Kalthodu | C51: Kundapura | D51: Kirimanjeshwara | E51: 36 | F51: Hindu | G51: Shetty | H51: Yes | I51: Yes | AB51: Normal | AC51: Female | AE51: 13 | AG51: Pvt. Hospital | AH51: Pvt. Hospital | AI51: Yes | AJ51: Yes | AR51: Yes | BF51: No | BH51: ELBW with RDS with sepsis
A52: 48 | B52: Punarvi B/o Geetha W/o Prakash Hunchani Golihole Kollur | C52: Kundapura | D52: Kollur | E52: 27 | F52: Hindu | G52: SC | H52: No | AB52: Normal | AC52: Female | AD52: 1 | AE52: 21 | AG52: Govt. Hospital | AH52: Transit | BD52: Yes | BE52: Pulmonary Artery Hypertension | BF52: Yes | BH52: Pulmonary Artery Hypertension
A53: 49 | B53: B/o Sunitha W/o Girish 4-529 th cross Tenkanidiyoor Kemmannu | C53: Udupi | D53: Kemmannu | E53: 37 | F53: Hindu | G53: Madivala | H53: No | AB53: LSCS | AC53: Male | AE53: 8 | AG53: Govt. Hospital | AH53: Pvt. Medical College | AT53: Yes | BF53: Yes | BH53: Term(39weeks3days) Hypoxio ischemic encephalopathy stage3/Birth Asphyxia
A54: 50 | B54: B/o Soumya D Nayak W/o Shrikanth Muttur cross Bommarabettu Hiriadka | C54: Udupi | D54: Hiriadka | E54: 25 | F54: Hindu | G54: Nayak | H54: No | AB54: LSCS | AC54: Male | AE54: 3 | AG54: Pvt. Medical College | AH54: Pvt. Medical College | BD54: Yes | BE54: Hyper Echoic Mass 7.6*7.7cms in fetal liver Cardiogenic Shoock ARF, | BF54: No | BH54: Hyper Echoic Mass 7.6*7.7cms in fetal liver Cardiogenic Shoock ARF, Severe Pulmonary Hypertension hepatic Hemargio high output syndrome failure
A55: 51 | B55: B/o Jyothi Aphrin Rodrigues W/o Rohan Kevin Rodrigues Nayakara Thota Heroor Brahmavara | C55: Udupi | D55: Brahmavara | E55: 35 | F55: Christian | G55: Christian | H55: No | AB55: LSCS | AC55: Female | AE55: 3 | AG55: Pvt. Hospital | AH55: Pvt. Medical College | BD55: Yes | BE55: Severe persistent pulmonary hypertension refractory metabolic acidosis suspected inborn error of metabolism | BF55: Yes | BH55: Severe persistent pulmonary hypertension refractory metabolic acidosis suspected inborn error of metabolism
A56: 52 | B56: Jasmi B/o Margarate W/o John Kotha Kuradi Holebadi Hanehalli | C56: Udupi | D56: Barkur | E56: 26 | F56: Christian | G56: Christian | H56: No | AB56: LSCS | AC56: Female | AD56: 8 | AE56: 25 | AG56: Govt. Hospital | AH56: Transit | BD56: Yes | BE56: Extra hepatic billiary atresia(Type IIB) post Kasai's portoenterostomy done(25.4.23) died due to repeated fever sepsis developed Ascites | BF56: No | BH56: Extra hepatic billiary atresia(Type IIB) post Kasai's portoenterostomy done(25.4.23) died due to repeated fever sepsis developed Ascites
A57: 53 | B57: B/o Yashoda W/o Prakash Poojary Brahmeri Aloor | C57: Kundapura | D57: Aloor | E57: 29 | F57: Hindu | G57: Poojary | H57: No | AB57: LSCS | AC57: Male | AE57: 1 | AG57: Pvt. Medical College | AH57: Pvt. Medical College | BD57: Yes | BE57: Septic shock with DIC Totala nomalous pulmonary venous connection with pulmonary hemorrhage , Late preterm infant of diabetic mother. | BF57: No | BH57: Septic shock with DIC Totala nomalous pulmonary venous connection with pulmonary hemorrhage , Late preterm infant of diabetic mother.
A58: 54 | B58: B/o Mamatha W/o Sudheera , H.No 2-202, 5cents Bellampalli | C58: Udupi | D58: Kukkehalli | E58: 34 | F58: Hindu | G58: ST | H58: No | AB58: LSCS | AC58: Male | AE58: 5 | AG58: Pvt. Medical College | AH58: Pvt. Medical College | AI58: Yes | AJ58: Yes | BF58: Yes | BH58: Severe respiratory distress syndrome, prematurity, Very low birth weight pulmonary arterial hypertension shock early onset neonatal sepsis
A59: 55 | B59: Tanvi B/o Raksha W/o Prashanth Poojary Nergi Kodavoor Vadobandeshwara | C59: Udupi | D59: Malpe | E59: 33 | F59: Hindu | G59: Poojary | H59: No | AB59: LSCS | AC59: Female | AD59: 8 | AE59: 0 | AG59: Pvt. Hospital | AH59: Pvt. Medical College | BD59: Yes | BE59: Status Epilepticus | BF59: No | BH59: Status Epilepticus severe metabolic acidosis
A60: 56 | B60: Smarth B/o Geetha W/o Chidananda, Mooduthota, Moodabettu | C60: Udupi | D60: UPHC Udupi | E60: 27 | F60: Hindu | G60: Kuruba | H60: No | AB60: Normal | AC60: Female | AD60: 3 | AE60: 5 | AG60: Govt. Hospital | AH60: Govt. Hospital | AN60: Yes | AR60: Yes | BF60: Yes | BH60: Bronchopneumonia with severe sepsis and DIC due to IEM
A61: 57 | B61: Niyathi B/o Asha W/o Chandra Scents Moodugiliyaru | C61: Udupi | D61: Kota | E61: 30 | F61: Hindu | G61: SC | H61: No | AB61: LSCS | AC61: Female | AD61: 2 | AE61: 3 | AG61: Pvt. Hospital | AH61: Home | BB61: Yes | BF61: Yes | BH61: Aspiration?
A62: 58 | B62: B/o Vasanthi W/o Ravi Harijana Padukudura Shakegudde Yellare Muniyal | C62: Karkala | D62: Muniyal | E62: 29 | F62: Hindu | G62: SC | H62: No | AB62: Normal | AC62: Female | AE62: 8 | AG62: Govt. Hospital | AH62: Govt. Hospital | AI62: Yes | AJ62: Yes | BF62: No | BH62: Pulmonary Haemorrhage Extreme Low birth weight
A63: 59 | B63: B/o Jalaja W/o Balakrishna Hegde Horlijaddu Kullunje Haladi | C63: Kundapura | D63: Haladi | E63: 37 | F63: Hindu | G63: Shetty | H63: Yes | Z63: Yes | AB63: LSCS | AC63: Male | AE63: 20 | AG63: Pvt. Medical College | AH63: Pvt. Medical College | AI63: Yes | AJ63: Yes | AV63: Yes | BF63: No | BH63: Early Preterm29+weeks extremely low birth weight small for gestational age/nectrotising enterocolitis stage3/late onset neonatal sepsis escherichia coli/refractory septic shock multi organ dysfunction
A64: 60 | B64: B/o Poornima W/o Vinayaka Bhandari Udooru Yedthare B Byndoor | C64: Kundapura | D64: Byndoor | E64: 28 | F64: Hindu | G64: Bhandari | H64: No | AB64: LSCS | AC64: Male | AD64: 1 | AG64: Govt. Hospital | AH64: Govt. Hospital | AI64: Yes | AR64: Yes | BF64: Yes | BH64: Neonatal Sepsis prematurity with LBW
A65: 61 | B65: B/o Akshatha K Marati, W/o Vijay Marati Kalmata Kalthodu Byndoor | C65: Kundapura | D65: Kirimanjeshwara | E65: 21 | F65: Hindu | G65: ST | H65: Yes | L65: Yes | AB65: Normal | AC65: Male | AE65: 5 | AG65: Govt. Hospital | AH65: Govt. Hospital | AI65: Yes | AJ65: Yes | BF65: No | BH65: Extreme Prematurity & Low Birth weight
A66: 62 | B66: B/o Shekavva W/o Umesh Baradur C/o Saraswathi Devdas Sampath Complex Shrinagara Tenkanidiyoor | C66: Udupi | D66: Kemmannu | E66: 22 | F66: Hindu | G66: Kuruba(ST) | H66: Yes | L66: Yes | AB66: LSCS | AC66: Male | AE66: 5 | AG66: Govt. Hospital | AH66: Govt. Hospital | BD66: Yes | BE66: Esophageal Atresia | BF66: No | BH66: Esophageal Atresia
A67: 63 | B67: B/o Kavisha W/o Sonal Bangera H.No5 1008, Near Kidiyoor post | C67: Udupi | D67: Malpe | E67: 36 | F67: Hindu | G67: Poojary | H67: No | AB67: LSCS | AC67: Female | AE67: 12 | AG67: Pvt. Medical College | AH67: Pvt. Medical College | AQ67: Yes | BF67: No | BH67: Term(37weeks+5days) Appropriate for gestational age/refractory cardiogenic shock/congenital dilated cardiomyopathy (Genetic)
A68: 64 | B68: B/o Surekha W/o Prashanth1-21 Kripa Nilaya Near Mata, Kanchnadka | C68: Udupi | D68: Padubidri | E68: 38 | F68: Hindu | G68: Poojary | H68: No | AB68: Normal | AC68: Female | AD68: 10 | AE68: 26 | AG68: Govt. Hospital | AH68: Transit | BC68: Yes | BD68: Yes | BE68: Billary Atresia | BF68: No | BH68: Billary Atresia with chronic liver disease
A69: 65 | B69: Sony W/o Ganesh Moodumattar Shirva | C69: Udupi | D69: Shirva | E69: 33 | F69: Hindu | G69: ST | H69: No | AB69: LSCS | AC69: Male | AE69: 22 | AG69: Govt. Hospital | AH69: Transit | AR69: Yes | BF69: Yes | BH69: Hypoglycemia sepsis small gestation.LBW
A70: 66 | B70: B/o Ramlath W/o Mansoor Ahmed Elluru Paniyoor Mudarangadi | C70: Udupi | D70: Mudarangadi | E70: 32 | F70: Muslim | G70: Muslim | H70: No | AB70: Normal | AC70: Female | AD70: 2 | AE70: 23 | AG70: Pvt. Medical College | AH70: Pvt. Medical College | BD70: Yes | BE70: K/C/O Pierre Robinson syndrome cleft palate(Soft palate)S/p Glossopexy Failure to thrive/severe acute malnutrition/GERD/congenital laryngomalacia/ anemia | BF70: No | BH70: K/C/O Pierre Robinson syndrome cleft palate(Soft palate)S/p Glossopexy Failure to thrive/severe acute malnutrition/GERD/congenital laryngomalacia/ anemia
A71: 67 | B71: Adithya S/o Bharathi W/o Suresh Moodu palimaru Mudarangadi | C71: Udupi | D71: Mudarangadi | E71: 33 | F71: Hindu | G71: Hindu | H71: No | AB71: Normal | AC71: Male | AD71: 11 | AE71: 2 | AG71: Govt. Hospital | AH71: Home | BD71: Yes | BE71: West syndrome global developmental delay Siezures dyskinesia and movement disorder | BF71: No | BH71: West syndrome global developmental delay Siezures dyskinesia and movement disorder
A72: 68 | B72: B/o Pramoda W/o Ravi Poojary matathota Pandeshwara | C72: Udupi | D72: Sastana | E72: 30 | F72: Hindu | G72: Poojary | H72: No | AB72: LSCS | AC72: Male | AF72: 3 | AG72: Govt. Hospital | AH72: Govt. Hospital | AZ72: Yes | BF72: Yes | BH72: Mild degree oligominous mild assymetrical IUGR severe PE Cardio Respiratory Arrest due to Aspiration
A73: 69 | B73: Shifabanu B/o Hasina Sabhir, Shakil Manzil Karimbail, Idu | C73: Karkala | D73: Idu | E73: 33 | F73: Muslim | G73: Muslim | H73: No | AB73: LSCS | AC73: Female | AD73: 3 | AE73: 19 | AG73: Govt. Hospital | AH73: Home | BC73: Yes | BF73: No | BH73: Obstructive Jaundice Biliary Atresia Downs Phenotype
A74: 70 | B74: B/o Maithri W/o Dayananda Muvathmudi Hemmadi Gangolli | C74: Kundapura | D74: Gangolli | E74: 33 | F74: Hindu | G74: Poojary | H74: Yes | M74: Yes | AB74: Normal | AC74: Female | AD74: 7 | AE74: 2 | AG74: Pvt. Medical College | AH74: Pvt. Medical College | AN74: Yes | BF74: No | BH74: Viral Pneumonia Chronic Lung Disease Extreme Prematurity
A75: 71 | B75: Sanketh B/o Anitha W/o Janardhana Poojary Alandoor Yadthare Byndoor | C75: Kundapura | D75: Byndoor | E75: 37 | F75: Hindu | G75: Poojary | H75: No | AB75: Normal | AC75: Male | AD75: 1 | AE75: 15 | AG75: Govt. Hospital | AH75: Home | AQ75: Yes | BF75: No | BH75: IEM CHD PPHN Awaiting Autopsy report
A76: 72 | B76: B/o Naima W/o Asif Bharathnagar Uliyaragoli Kaup | C76: Udupi | D76: Kaup | E76: 29 | F76: Muslim | G76: Muslim | H76: No | AB76: Normal | AC76: Male | AE76: 2 | AG76: Pvt. Medical College | AH76: Pvt. Medical College | AI76: Yes | AL76: Yes | AS76: Yes | BF76: No | BH76: Pulmonary Hemorrhage grade 3 intraventricular Hemorrhage refactory shock severe RDS birth Asphyxia extreme preterm low birth weight
A77: 73 | B77: B/o Tejaswini W/o Prashanth Kamala Nivas, D.No 523, Koralagudde S S Road Hejamady | C77: Udupi | D77: Padubidri | E77: 26 | F77: Hindu | G77: Hindu | H77: No | AB77: LSCS | AC77: Male | AE77: 10 | AG77: Pvt. Medical College | AH77: Pvt. Medical College | AM77: Yes | AS77: Yes | BD77: Yes | BE77: Pulmonary Hemorrhage | BF77: Yes | BH77: Late Preterm(34+2) AGA/LBW/Severe RDS/Massive Pulmonary Hemorrhage/Severe PPHN
A78: 74 | B78: Mohammed Rafan B/o Ashmath K S W/o Mansoor Abhubakkar Ajekar | C78: Karkala | D78: Ajekar | E78: 28 | F78: Muslim | G78: Muslim | H78: Yes | R78: Yes | AB78: LSCS | AC78: Male | AD78: 10 | AE78: 26 | AG78: Govt. Hospital | AH78: Pvt. Hospital | BD78: Yes | BE78: Respiratory failure Global developmental delay Progressive neurological dysfunction | BF78: No | BH78: Respiratory failure Global developmental delay Progressive neurological dysfunction
A79: 75 | B79: B/o Jyothi W/o Shivarama Near School Palli | C79: Karkala | D79: Palli | E79: 36 | F79: Hindu | G79: SC | H79: Yes | R79: Yes | AB79: Spontaneous | AC79: Male | AE79: 1 | AG79: Govt. Hospital | AH79: Govt. Hospital | AI79: Yes | AJ79: Yes | BF79: No | BH79: Extreme Preterm & LBW 25weeks+5days (Hyaline Membrance Disease)
A80: 76 | B80: Fathima Farhana w/o Abdul Hameed 1-14c-15 Baithul Mabhashir Nadsal, Padubidri | C80: Udupi | D80: Padubidri | E80: 35 | F80: Muslim | G80: Muslim | H80: No | AB80: Normal | AC80: Female | AE80: 13 | AG80: Pvt. Clinic | AH80: Transit | AQ80: Yes | BF80: No | BH80: Congenital Heart disease
A81: 77 | B81: Deeksha Rao W/o Divyanshu Shanubhogara mane Opp Govt College Mallar, Kaup | C81: Udupi | D81: Kaup | E81: 30 | F81: Hindu | G81: others | H81: No | AB81: Lscs | AC81: Male | AE81: 7 | AG81: Pvt. Medical College | AH81: Pvt. Medical College | BD81: Yes | BE81: GR IV Intracranial Hemorrhage Right cerebral Hemisphere Enterobacter Cloacaf Sepsis Moderate preterm LBW Small EDR Gestational age | BF81: No | BH81: GR IV Intracranial Hemorrhage Right cerebral Hemisphere Enterobacter Cloacaf Sepsis Moderate preterm LBW Small EDR Gestational age
A82: 78 | B82: B/o Amitha W/o Vasanth Ganga Nivas Padumane, Kaup | C82: Udupi | D82: Kaup | E82: 37 | F82: Hindu | G82: others | H82: No | AB82: LSCS | AC82: Female | AE82: 5 | AG82: Pvt. Medical College | AH82: Pvt. Medical College | AI82: Yes | AM82: Yes | BD82: Yes | BE82: Late preterm(34 wks) low birth weight 1.8kg Appropriate for gestational age Prenatal asphyxia Hypotonia with contracture arithrocryprosis/Arthogryposis/Underscended testis/Severe hypoxic ischaemic encephalopathy/Antenatal suspected fetal akinesia deformation sequence/sespected neuromuscular disease. | BF82: No | BH82: Late preterm(34 wks) low birth weight 1.8kg Appropriate for gestational age Prenatal asphyxia Hypotonia with contracture arithrocryprosis/Arthogryposis/Underscended testis/Severe hypoxic ischaemic encephalopathy/Antenatal suspected fetal akinesia deformation sequence/sespected neuromuscular disease.
A83: 79 | B83: B/o Ayesha Shafana W/o Sufaid Abdul Khader Jailani 2-61/1A Matapady Brahmavara Taluk Udupi | C83: Udupi | D83: Brahmavra | E83: 24 | F83: Muslim | G83: Muslim | H83: No | AB83: LSCS | AC83: Female | AE83: 15 | AG83: Pvt. Hospital | AH83: Pvt. Medical College | AQ83: Yes | BD83: Yes | BE83: Severe PPHN with congenital heart disease (ASD,PDA) with culture nagative sepsis with DIC with suspected inborn error of metabolism | BF83: No | BH83: Severe PPHN with congenital heart disease (ASD,PDA) with culture nagative sepsis with DIC with suspected inborn error of metabolism
A84: 80 | B84: B/o Vimala Bai W/o Prakash Naik Halli Padu Kotambailu 34th Kudi Village Kokkarne | C84: Udupi | D84: Kokkarne | E84: 30 | F84: Hindu | G84: ST | H84: No | AB84: LSCS | AC84: Male | AE84: 22 | AG84: Pvt. Hospital | AH84: Govt. Hospital | AX84: Yes | BF84: No | BH84: phuemo mediastinum causing mediastinum pneumothorax low birth weight sepsis
A85: 81 | B85: B/o Jaya W/o Sudhakar Bhoovi , Kalakuradi, Yadamoge, Siddapura | C85: Kundapura | D85: Siddapura | E85: 30 | F85: Hindu | G85: Bhoovi | H85: No | AB85: LSCS | AC85: Female | AD85: 1 | AE85: 8 | AG85: Pvt. Medical College | AH85: Pvt. Medical College | AK85: Yes | BD85: Yes | BE85: Early preterm31 weeks+2days ) MCDA Twin1 Catecholamaine Resistant shock respiratory failure refractory seizure | BF85: Yes | BH85: Early preterm31 weeks+2days ) MCDA Twin1 Catecholamaine Resistant shock respiratory failure refractory seizure
A86: 82 | B86: B/o Nireeksha W/o Suresh Paljaddu Yellare Donderangadi | C86: Karkala | D86: Donderangadi | E86: 30 | F86: Hindu | G86: SC | H86: No | AB86: FTND | AC86: Female | AD86: 1 | AE86: 8 | AG86: Govt. Hospital | AH86: Pvt. Hospital | AY86: Yes | BF86: Yes | BH86: Sudden infant death syndrome
I87: =+COUNTIF(I5:I86,"Yes") -> 2 | J87: =+COUNTIF(J5:J86,"Yes") -> 2 | K87: =+COUNTIF(K5:K86,"Yes") -> 1 | L87: =+COUNTIF(L5:L86,"Yes") -> 5 | M87: =+COUNTIF(M5:M86,"Yes") -> 1 | N87: =+COUNTIF(N5:N86,"Yes") -> 2 | O87: =+COUNTIF(O5:O86,"Yes") -> 2 | P87: =+COUNTIF(P5:P86,"Yes") -> 0 | ... AA87: =+COUNTIF(AA5:AA86,"Yes") -> 0 | AI87: =+COUNTIF(AI5:AI86,"Yes") -> 20 | AJ87: =+COUNTIF(AJ5:AJ86,"Yes") -> 18 | AK87: =+COUNTIF(AK5:AK86,"Yes") -> 1 | AL87: =+COUNTIF(AL5:AL86,"Yes") -> 6 | AM87: =+COUNTIF(AM5:AM86,"Yes") -> 2 | AN87: =+COUNTIF(AN5:AN86,"Yes") -> 4 | AO87: =+COUNTIF(AO5:AO86,"Yes") -> 2 | AP87: =+COUNTIF(AP5:AP86,"Yes") -> 1 | ... BD87: =+COUNTIF(BD5:BD86,"Yes") -> 29

Sheet 2024-25 report
A1: Detailed Infant Death Report for the year 2024-25 (April 24 to November 24)
H2: Type of High Risk | AJ2: Cause of Death
A3: Sl. No | B3: Name of Infant, parents and address | L3: Aneamia | AE3: Age of Child at the time of death | AO3: Pneumonia | AR3: Cardiac
C4: Taluk | D4: PHC | E4: Religion | F4: Community | G4: High Risk (Yes / No) | H4: Diabetes mellitus | I4: RH '- ve' | J4: Elderly Primi | K4: Hypertensive Diorders | L4: Mild | M4: Morderate | N4: Sevre Aneamia | O4: BMI < 18 | P4: Previous LSCS | Q4: Heigh <145 cms | R4: Infectitons like HIV, Sypholiis | S4: Epilpsy / Asthama / Any other Disease | T4: 4 / More Pregnancies | U4: Multi Gravida | V4: Previous Abortion | W4: Transverse lie of featus | X4: Tyroid Disease | Y4: Psychiatric Illness | Z4: IUGR | AA4: Twins / Triplets etc | AB4: Fetal developmental abnormalaitis | AC4: Delivery Type (LSCS / Norma / Induced) | AD4: Gender | AE4: Months | AF4: Days | AG4: Hours | AH4: Place of Birth | AI4: Place of Death | AJ4: LBW | AK4: Extreme preterm (<28 weeks) | AL4: Early Premature (28-31 weeks) | AM4: Morderate Premature (<32-33 weeks) | AN4: Late Pre-term (34-36 weeks) | AO4: Aspitartion | AP4: Broncho | AQ4: Congenitall | AR4: Myocarditis | AS4: Cardiac Anomoly | AT4: CHD | AU4: Sepsis | AV4: Respiratory Distress | AW4: Pulmonary Hypertension | AX4: Neonatal Asphyxia | AY4: Meconium Aspiration Syndrome | AZ4: Aspitation Pneumonia | BA4: Necrotinsing Enterocolitis | BB4: Hepatic Cause | BC4: Pneumothorax | BD4: Milk Aspiration | BE4: SIDS | BF4: IUGR | BG4: Twins / Multiple etc | BH4: Hemophagocytic | BI4: Milk Aspiration | BJ4: Cronic Liver Disease | BK4: Others | BL4: Reason for Others / Others | BM4: Preventable (Yes / No)
A5: 1 | B5: B/o Poornima W/o Ramachandra Janatha Colony Uppunda | C5: Kundapura | D5: Byndoor | E5: Hindu | F5: Kharvi | G5: Yes | H5: No | I5: No | J5: No | K5: No | L5: No | M5: No | N5: No | O5: No | P5: Yes | Q5: No | R5: No | S5: No | T5: No | U5: No | V5: No | W5: No | X5: No | Y5: No | Z5: No | AA5: No | AC5: LSCS | AD5: Female | AE5: 0 | AF5: 13 | AG5: 0 | AH5: Pvt. Medical College | AI5: Pvt. Medical College | AJ5: Yes | AK5: No | AL5: No | AM5: Yes | AN5: No | AO5: No | AP5: No | AQ5: No | AR5: No | AS5: No | AT5: No | AU5: No | AV5: No | AW5: No | AX5: No | AY5: No | AZ5: No | BA5: No | BB5: No | BC5: No | BD5: No | BE5: No | BF5: No | BG5: No | BM5: No
A6: 2 | B6: B/o Balkis Banu W/o Musthak Ahamed, Gujjarbettu | C6: Udupi | D6: Kemmannu | E6: Muslim | F6: Muslim | G6: Yes | H6: No | I6: No | J6: No | K6: Yes | L6: No | M6: No | N6: No | O6: No | P6: Yes | Q6: No | R6: No | S6: No | T6: No | U6: No | V6: No | W6: No | X6: No | Y6: No | Z6: No | AA6: No | AC6: LSCS | AD6: Male | AE6: 2 | AF6: 3 | AG6: 0 | AH6: Pvt. Medical College | AI6: Pvt. Medical College | AJ6: No | AK6: No | AL6: No | AM6: No | AN6: No | AO6: No | AP6: No | AQ6: No | AR6: No | AS6: No | AT6: No | AU6: No | AV6: No | AW6: No | AX6: No | AY6: No | AZ6: No | BA6: No | BB6: No | BC6: No | BD6: No | BE6: No | BF6: No | BG6: No | BK6: Yes | BL6: Trisomy 21, VSD, Acute Failure Severe, PAH ASD 7mm | BM6: No
A7: 3 | B7: B/o M Anusha Kumari W/o Shanthiraj Jain Kelagina Karimbyalu Idu | C7: Karkala | D7: Idu | E7: Jain | F7: Jain | G7: Yes | H7: No | I7: No | J7: No | K7: No | L7: No | M7: No | N7: No | O7: No | P7: Yes | Q7: No | R7: No | S7: No | T7: No | U7: No | V7: No | W7: No | X7: No | Y7: No | Z7: No | AA7: No | AC7: LSCS | AD7: Male | AE7: 0 | AF7: 3 | AG7: 0 | AH7: Govt. Hospital | AI7: Govt. Hospital | AJ7: No | AK7: No | AL7: No | AM7: No | AN7: No | AO7: No | AP7: No | AQ7: No | AR7: No | AS7: No | AT7: No | AU7: No | AV7: No | AW7: No | AX7: No | AY7: No | AZ7: No | BA7: No | BB7: No | BC7: No | BD7: No | BE7: No | BF7: No | BG7: No | BK7: Yes | BL7: Multiple Fetal Anomalies Absent Cavum Pellucudum With Septo-Optic Dysplasia? Severe Persistent Pulmonary Hypertension | BM7: No
A8: 4 | B8: Divani Kumari B/o Pinkidevi Kumari W/o Hareram Paswan , Girija Cashew Factory Asodu Korgi | C8: Kundapura | D8: Korgi | E8: Hindu | F8: others | G8: Yes | H8: No | I8: Yes | J8: No | K8: No | L8: No | M8: No | N8: No | O8: No | P8: No | Q8: No | R8: No | S8: No | T8: No | U8: No | V8: No | W8: No | X8: No | Y8: No | Z8: No | AA8: No | AC8: Normal | AD8: Female | AE8: 2 | AF8: 8 | AG8: 0 | AH8: Govt. Hospital | AI8: Home | AJ8: No | AK8: No | AL8: No | AM8: No | AN8: No | AO8: No | AP8: No | AQ8: No | AR8: No | AS8: No | AT8: No | AU8: No | AV8: No | AW8: No | AX8: No | AY8: No | AZ8: No | BA8: No | BB8: No | BC8: No | BD8: No | BE8: Yes | BF8: No | BG8: No | BM8: Yes
A9: 5 | B9: B/o Bhavya W/o Vinoda Uppinakote Uppunda | C9: Kundapura | D9: Byndoor | E9: Hindu | F9: Kharvi | G9: Yes | H9: No | I9: No | J9: No | K9: No | L9: No | M9: No | N9: No | O9: No | P9: No | Q9: No | R9: No | S9: No | T9: No | U9: No | V9: No | W9: No | X9: Yes | Y9: No | Z9: No | AA9: No | AC9: LSCS | AD9: Male | AE9: 0 | AF9: 8 | AG9: 0 | AH9: Govt. Hospital | AI9: Govt. Hospital | AJ9: Yes | AK9: Yes | AL9: No | AM9: No | AN9: No | AO9: No | AP9: No | AQ9: No | AR9: No | AS9: No | AT9: No | AU9: Yes | AV9: No | AW9: No | AX9: No | AY9: No | AZ9: No | BA9: No | BB9: No | BC9: No | BD9: No | BE9: No | BF9: No | BG9: No | BM9: No
A10: 6 | B10: B/o Shriraksha W/o Prlash, Subbumane, Tarapathi Paduvary | C10: Kundapura | D10: Shiroor | E10: Hindu | F10: Kharvi | G10: No | H10: No | I10: No | J10: No | K10: No | L10: No | M10: No | N10: No | O10: No | P10: No | Q10: No | R10: No | S10: No | T10: No | U10: No | V10: No | W10: No | X10: No | Y10: No | Z10: No | AA10: No | AC10: LSCS | AD10: Male | AE10: 0 | AF10: 3 | AG10: 0 | AH10: Pvt. Medical College | AI10: Home | AJ10: No | AK10: No | AL10: No | AM10: Yes | AN10: No | AO10: No | AP10: No | AQ10: No | AR10: No | AS10: No | AT10: No | AU10: No | AV10: No | AW10: No | AX10: No | AY10: No | AZ10: No | BA10: No | BB10: No | BC10: No | BD10: No | BE10: No | BF10: No | BG10: No | BM10: No
A11: 7 | B11: B/o Abeeda Mohammed, Brahmavara | C11: Udupi | D11: Brahmavara | E11: Muslim | F11: Muslim | G11: No | H11: No | I11: No | J11: No | K11: No | L11: No | M11: No | N11: No | O11: No | P11: No | Q11: No | R11: No | S11: No | T11: No | U11: No | V11: No | W11: No | X11: No | Y11: No | Z11: No | AA11: No | AC11: Normal | AD11: Male | AE11: 2 | AF11: 0 | AG11: 0 | AH11: Pvt. Hospital | AI11: Pvt. Hospital | AJ11: No | AK11: No | AL11: No | AM11: No | AN11: No | AO11: No | AP11: No | AQ11: No | AR11: No | AS11: No | AT11: Yes | AU11: No | AV11: No | AW11: No | AX11: No | AY11: No | AZ11: No | BA11: No | BB11: No | BC11: No | BD11: No | BE11: No | BF11: No | BG11: No | BM11: No
A12: 8 | B12: B/o Swathi W/o Yogish Acharya, Darkas House Kanjarkatte, Inna Santhoor Post | C12: Karkala | D12: Inna | E12: Hindu | F12: Acharya | G12: Yes | H12: No | I12: No | J12: No | K12: No | L12: No | M12: No | N12: No | O12: No | P12: No | Q12: No | R12: No | S12: No | T12: No | U12: No | V12: No | W12: No | X12: No | Y12: No | Z12: No | AA12: Yes | AC12: LSCS | AD12: Female | AE12: 0 | AF12: 16 | AG12: 0 | AH12: Pvt. Medical College | AI12: Pvt. Medical College | AJ12: Yes | AK12: No | AL12: No | AM12: No | AN12: No | AO12: No | AP12: No | AQ12: No | AR12: No | AS12: No | AT12: No | AU12: No | AV12: No | AW12: No | AX12: No | AY12: No | AZ12: No | BA12: No | BB12: No | BC12: No | BD12: No | BE12: No | BF12: No | BG12: Yes | BK12: Yes | BL12: Multi Organ Dysfuction syndrome septic shock bilateral grade 3 intra ventricular hemorrhage with moderate Hydrocephalus neonatal seizures acute kidney injury stage 1 anemia of prematurity moderate respiratory distress syndrome very preterm very low birth weight. | BM12: No
A13: 9 | B13: B/o Swathi W/o Yogish Acharya, Darkas House Kanjarkatte, Inna Santhoor Post | C13: Karkala | D13: Inna | E13: Hindu | F13: Acharya | G13: Yes | H13: No | I13: No | J13: No | K13: No | L13: No | M13: No | N13: No | O13: No | P13: No | Q13: No | R13: No | S13: No | T13: No | U13: No | V13: No | W13: No | X13: No | Y13: No | Z13: No | AA13: Yes | AC13: LSCS | AD13: Female | AE13: 0 | AF13: 16 | AG13: 0 | AH13: Pvt. Medical College | AI13: Pvt. Medical College | AJ13: Yes | AK13: No | AL13: No | AM13: No | AN13: No | AO13: No | AP13: No | AQ13: No | AR13: No | AS13: No | AT13: No | AU13: No | AV13: No | AW13: No | AX13: No | AY13: No | AZ13: No | BA13: No | BB13: No | BC13: No | BD13: No | BE13: No | BF13: No | BG13: Yes | BK13: Yes | BL13: Multi Organ Dysfuction syndrome septic shock bilateral grade 3 intra ventricular hemorrhage with moderate Hydrocephalus neonatal seizures acute kidney injury stage 1 anemia of prematurity moderate respiratory distress syndrome very preterm very low birth weight. | BM13: No
A14: 10 | B14: Sanvith B/o Leelavathi W/o Gopala Daivanugraha House, Ballottu, Idu | C14: Karkala | D14: Idu | E14: Hindu | F14: SC | G14: No | H14: No | I14: No | J14: No | K14: No | L14: No | M14: No | N14: No | O14: No | P14: No | Q14: No | R14: No | S14: No | T14: No | U14: No | V14: No | W14: No | X14: No | Y14: No | Z14: No | AA14: No | AC14: LSCS | AD14: Male | AE14: 1 | AF14: 15 | AG14: 0 | AH14: Govt. Hospital | AI14: Pvt. Medical College | AJ14: No | AK14: No | AL14: No | AM14: No | AN14: No | AO14: No | AP14: No | AQ14: No | AR14: No | AS14: No | AT14: No | AU14: No | AV14: No | AW14: No | AX14: No | AY14: No | AZ14: No | BA14: No | BB14: No | BC14: No | BD14: No | BE14: No | BF14: No | BG14: No | BK14: Yes | BL14: Refractory Decompensated Shock Biventricular Failure severe PAH | BM14: No
A15: 11 | B15: Geethika W/o Sharath Kumar D.No.11-66Q Anantha Krishna Nagara Kuthpady | C15: Udupi | D15: Malpe | E15: Hindu | F15: Poojary | G15: No | H15: No | I15: No | J15: No | K15: No | L15: No | M15: No | N15: No | O15: No | P15: No | Q15: No | R15: No | S15: No | T15: No | U15: No | V15: No | W15: No | X15: No | Y15: No | Z15: No | AA15: No | AC15: Normal | AD15: Male | AE15: 0 | AF15: 2 | AG15: 0 | AH15: Pvt. Hospital | AI15: Pvt. Hospital | AJ15: No | AK15: No | AL15: No | AM15: No | AN15: No | AO15: No | AP15: No | AQ15: No | AR15: No | AS15: No | AT15: No | AU15: Yes | AV15: No | AW15: No | AX15: No | AY15: No | AZ15: No | BA15: No | BB15: No | BC15: No | BD15: No | BE15: No | BF15: No | BG15: No | BL15: Early Neonatal Sepsis, Septic shock, multiorgan dysfunction Meningitis | BM15: Yes
A16: 12 | B16: Ashwitha W/o Sharath S Anchan H.No: 9-96 Vanitha Nilaya Kidiyoor padukere | C16: Udupi | D16: Malpe | E16: Hindu | F16: Poojary | G16: No | H16: No | I16: No | J16: No | K16: No | L16: No | M16: No | N16: No | O16: No | P16: No | Q16: No | R16: No | S16: No | T16: No | U16: No | V16: No | W16: No | X16: No | Y16: No | Z16: No | AA16: No | AC16: Normal | AD16: Female | AE16: 0 | AF16: 4 | AG16: 0 | AH16: Pvt. Medical College | AI16: Pvt. Medical College | AJ16: Yes | AK16: Yes | AL16: No | AM16: No | AN16: No | AO16: No | AP16: No | AQ16: No | AR16: No | AS16: No | AT16: No | AU16: No | AV16: Yes | AW16: No | AX16: No | AY16: No | AZ16: No | BA16: No | BB16: No | BC16: No | BD16: No | BE16: No | BF16: No | BG16: No | BL16: Birth weight 780 gms | BM16: No
A17: 13 | B17: B/o Reshma R P W/o Abhishek N S DevuBailu Chantharu Brahmavara 9731660899 | C17: Udupi | D17: Brahmavara | E17: Hindu | F17: SC | G17: Yes | H17: Yes | I17: No | J17: No | K17: No | L17: No | M17: No | N17: No | O17: No | P17: No | Q17: No | R17: No | S17: No | T17: No | U17: No | V17: No | W17: No | X17: No | Y17: No | Z17: No | AA17: No | AC17: LSCS | AD17: Female | AE17: 0 | AF17: 0 | AG17: 4 | AH17: Pvt. Hospital | AI17: Pvt. Medical College | AJ17: No | AK17: No | AL17: No | AM17: No | AN17: No | AO17: No | AP17: No | AQ17: No | AR17: No | AS17: No | AT17: No | AU17: No | AV17: No | AW17: No | AX17: Yes | AY17: Yes | AZ17: No | BA17: No | BB17: No | BC17: No | BD17: No | BE17: No | BF17: No | BG17: No | BL17: severe persistant pulmonary hypertension | BM17: Yes
A18: 14 | B18: B/o Shobha W/o Prasanna Acharya Nandavana Kergal Kirimanjeshwara | C18: Kundapura | D18: Kirimanjeshwara | E18: Hindu | F18: Achary | G18: Yes | H18: No | I18: No | J18: No | K18: No | L18: No | M18: Yes | N18: No | O18: No | P18: Yes | Q18: No | R18: No | S18: No | T18: No | U18: No | V18: No | W18: No | X18: No | Y18: No | Z18: No | AA18: No | AC18: LSCS | AD18: Male | AE18: 0 | AF18: 9 | AG18: 0 | AH18: Pvt. Medical College | AI18: Pvt. Medical College | AJ18: Yes | AK18: Yes | AL18: No | AM18: No | AN18: No | AO18: No | AP18: No | AQ18: No | AR18: No | AS18: No | AT18: No | AU18: No | AV18: Yes | AW18: No | AX18: No | AY18: No | AZ18: No | BA18: No | BB18: No | BC18: No | BD18: No | BE18: No | BF18: No | BG18: No | BM18: No
A19: 15 | B19: Shanya B/o Nethravathi W/o Suresh Dyava, Mogaveera Manki Gujjadi A | C19: Kundapura | D19: Maravanthe | E19: Hindu | F19: Mogaveera | G19: Yes | H19: No | I19: No | J19: Yes | K19: No | L19: No | M19: No | N19: No | O19: No | P19: No | Q19: No | R19: No | S19: No | T19: No | U19: No | V19: No | W19: No | X19: No | Y19: No | Z19: No | AA19: No | AC19: LSCS | AD19: Female | AE19: 1 | AF19: 14 | AG19: 0 | AH19: Pvt. Hospital | AI19: Home | AJ19: No | AK19: No | AL19: No | AM19: No | AN19: No | AO19: No | AP19: No | AQ19: No | AR19: No | AS19: No | AT19: No | AU19: No | AV19: No | AW19: No | AX19: No | AY19: No | AZ19: No | BA19: No | BB19: No | BC19: No | BD19: Yes | BE19: Yes | BF19: No | BG19: No | BL19: PM Reports confirmed | BM19: Yes
A20: 16 | B20: B/o Girija W/o Raghavendra Jolalu Nenchar Kokkarne | C20: Udupi | D20: Kokkarne | E20: Hindu | F20: Kudubi | G20: No | H20: No | I20: No | J20: No | K20: No | L20: No | M20: No | N20: No | O20: No | P20: No | Q20: No | R20: No | S20: No | T20: No | U20: No | V20: No | W20: No | X20: No | Y20: No | Z20: No | AA20: No | AC20: Normal | AD20: Female | AE20: 0 | AF20: 14 | AG20: 0 | AH20: Govt. Hospital | AI20: Pvt. Medical College | AJ20: No | AK20: No | AL20: No | AM20: No | AN20: No | AO20: No | AP20: No | AQ20: No | AR20: No | AS20: No | AT20: No | AU20: No | AV20: No | AW20: Yes | AX20: No | AY20: No | AZ20: No | BA20: No | BB20: No | BC20: No | BD20: No | BE20: No | BF20: No | BG20: No | BK20: Yes | BL20: ? Thyosinemia | BM20: No
A21: 17 | B21: Alia Fathima B/o Rubina W/o Ayub, A R Mansion Nethravathi Hegde Road Kabettu G H Karkala | C21: Karkala | D21: G H Karkala | E21: Muslim | F21: Muslim | G21: Yes | H21: No | I21: No | J21: No | K21: No | L21: No | M21: No | N21: No | O21: No | P21: No | Q21: No | R21: No | S21: No | T21: No | U21: G4 | V21: Yes | W21: No | X21: No | Y21: No | Z21: No | AA21: No | AC21: Normal | AD21: Female | AE21: 0 | AF21: 5 | AG21: 15 | AH21: pvt Hospital | AI21: Home | AJ21: No | AK21: No | AL21: No | AM21: No | AN21: No | AO21: No | AP21: No | AQ21: No | AR21: No | AS21: No | AT21: No | AU21: No | AV21: No | AW21: No | AX21: No | AY21: No | AZ21: No | BA21: No | BB21: No | BC21: No | BD21: No | BE21: No | BF21: No | BG21: No | BK21: Yes | BL21: Spinal Muscular Atrophy lower respiratory infection | BM21: No
A22: 18 | B22: B/o Sarojini W/o Achyutha , Shettybettu, Kervashe Mala | C22: Karkala | D22: Mala | E22: Hindu | F22: SC | G22: Yes | H22: No | I22: No | J22: No | K22: No | L22: No | M22: No | N22: No | O22: No | P22: No | Q22: No | R22: No | S22: No | T22: No | U22: No | V22: No | W22: No | X22: No | Y22: No | Z22: No | AA22: Yes | AC22: Normal | AD22: Female | AE22: 0 | AF22: 7 | AG22: 0 | AH22: Govt. Hospital | AI22: Govt. Hospital | AJ22: Yes | AK22: No | AL22: No | AM22: Yes | AN22: No | AO22: No | AP22: No | AQ22: No | AR22: No | AS22: No | AT22: No | AU22: No | AV22: No | AW22: No | AX22: No | AY22: No | AZ22: No | BA22: No | BB22: No | BC22: No | BD22: No | BE22: No | BF22: No | BG22: No | BM22: Yes
A23: 19 | B23: B/o Kavitha Adiga, W/o Sandeep Jain, Adhikari Nilaya Jyothi Nagara Ajekar | C23: Karkala | D23: Ajekar | E23: Hindu | F23: Jain | G23: Yes | H23: No | I23: No | J23: No | K23: No | L23: No | M23: Yes | N23: No | O23: No | P23: No | Q23: No | R23: No | S23: No | T23: No | U23: Yes | V23: Yes | W23: No | X23: No | Y23: Yes | Z23: No | AA23: No | AC23: LSCS | AD23: Female | AE23: 0 | AF23: 1 | AG23: 0 | AH23: Govt. Hospital | AI23: Govt. Hospital | AJ23: Yes | AK23: No | AL23: Yes | AM23: No | AN23: No | AO23: No | AP23: No | AQ23: No | AR23: No | AS23: No | AT23: No | AU23: No | AV23: Yes | AW23: No | AX23: No | AY23: No | AZ23: No | BA23: No | BB23: No | BC23: No | BD23: No | BE23: No | BF23: No | BG23: No | BK23: Yes | BL23: Skeletal Dysplasia | BM23: No
A24: 20 | B24: B/o Shrudha Kotian W/o Sunil Kundar, Annajigoli Inna | C24: Karkala | D24: Inna | E24: Hindu | F24: Poojary | G24: Yes | H24: No | I24: No | J24: No | K24: No | L24: No | M24: No | N24: No | O24: No | P24: No | Q24: No | R24: No | S24: No | T24: No | U24: No | V24: No | W24: No | X24: No | Y24: No | Z24: No | AA24: Yes | AC24: LSCS | AD24: Female | AE24: 0 | AF24: 1 | AG24: 0 | AH24: Pvt. Medical College | AI24: Pvt. Medical College | AJ24: Yes | AK24: Yes | AL24: No | AM24: No | AN24: No | AO24: No | AP24: No | AQ24: No | AR24: No | AS24: No | AT24: No | AU24: No | AV24: Yes | AW24: No | AX24: No | AY24: No | AZ24: No | BA24: No | BB24: No | BC24: No | BD24: No | BE24: No | BF24: No | BG24: No | BM24: No
A25: 21 | B25: B/o Nazrath Bhanu W/o Sameer B, Kalmanja House, Manipura | C25: Udupi | D25: Manipura | E25: Muslim | F25: Muslim | G25: Yes | H25: No | I25: No | J25: No | K25: No | L25: No | M25: No | N25: No | O25: No | P25: Yes | Q25: No | R25: No | S25: No | T25: No | U25: Yes | V25: No | W25: No | X25: No | Y25: No | Z25: No | AA25: No | AC25: Normal | AD25: Female | AE25: 0 | AF25: 9 | AG25: 0 | AH25: Pvt. Hospital | AI25: Govt. Hospital | AJ25: Yes | AK25: Yes | AL25: No | AM25: No | AN25: No | AO25: No | AP25: No | AQ25: No | AR25: No | AS25: No | AT25: No | AU25: No | AV25: No | AW25: No | AX25: No | AY25: No | AZ25: No | BA25: No | BB25: No | BC25: No | BD25: No | BE25: No | BF25: No | BG25: No | BM25: No
A26: 22 | B26: B/o Nagarathna Hosala Barkur | C26: Udupi | D26: Barkur | E26: Hindu | F26: Devadiga | G26: Yes | H26: No | I26: No | J26: Yes | K26: No | L26: No | M26: No | N26: No | O26: No | P26: No | Q26: No | R26: No | S26: No | T26: No | U26: No | V26: No | W26: No | X26: No | Y26: No | Z26: No | AA26: No | AC26: Normal | AD26: Male | AE26: 0 | AF26: 3 | AG26: 0 | AH26: Govt. Hospital | AI26: Govt. Hospital | AJ26: Yes | AK26: No | AL26: Yes | AM26: No | AN26: No | AO26: No | AP26: No | AQ26: No | AR26: No | AS26: No | AT26: No | AU26: Yes | AV26: No | AW26: No | AX26: No | AY26: No | AZ26: No | BA26: No | BB26: No | BC26: No | BD26: No | BE26: No | BF26: No | BG26: No | BM26: Yes
A27: 23 | B27: B/o Anusha W/o Vikesh Kallambadi Padavu Nitte Om Shankara Nilaya | C27: Karkala | D27: Nitte | E27: Hindu | F27: Kulal | G27: Yes | H27: No | I27: No | J27: No | K27: No | L27: No | M27: No | N27: No | O27: No | P27: No | Q27: No | R27: No | S27: No | T27: No | U27: No | V27: No | W27: No | X27: No | Y27: No | Z27: No | AA27: Yes | AC27: Normal | AD27: Male | AE27: 0 | AF27: 4 | AG27: 0 | AH27: Govt. Hospital | AI27: Govt. Hospital | AJ27: Yes | AK27: Yes | AL27: No | AM27: No | AN27: No | AO27: No | AP27: No | AQ27: No | AR27: No | AS27: No | AT27: No | AU27: No | AV27: No | AW27: No | AX27: No | AY27: No | AZ27: No | BA27: No | BB27: No | BC27: No | BD27: No | BE27: No | BF27: No | BG27: No | BM27: No
A28: 24 | B28: B/o Geetha W/o Shankar, Darkas House Malebettu Durga | C28: Karkala | D28: Durga | E28: Hindu | F28: SC | G28: Yes | H28: No | I28: No | J28: No | K28: No | L28: No | M28: No | N28: No | O28: Yes | P28: No | Q28: No | R28: No | S28: No | T28: No | U28: No | V28: No | W28: No | X28: No | Y28: No | Z28: No | AA28: No | AC28: Normal | AD28: Female | AE28: 2 | AF28: 10 | AG28: 0 | AH28: Govt. Hospital | AI28: Transit | AJ28: No | AK28: No | AL28: No | AM28: No | AN28: No | AO28: No | AP28: No | AQ28: No | AR28: No | AS28: No | AT28: No | AU28: No | AV28: No | AW28: No | AX28: No | AY28: No | AZ28: No | BA28: No | BB28: No | BC28: No | BD28: No | BE28: No | BF28: No | BG28: No | BK28: Yes | BL28: Acute Broncholities secondary to Hypotonic Syndrome | BM28: No
A29: 25 | B29: B/o Akshaya Chandra W/o Raghavendra Duganabettu Kundeshwara Hirgana | C29: Karkala | D29: Hirgana | E29: Hindu | F29: Nayak | G29: No | H29: No | I29: No | J29: No | K29: No | L29: No | M29: No | N29: No | O29: No | P29: No | Q29: No | R29: No | S29: No | T29: No | U29: No | V29: No | W29: No | X29: No | Y29: No | Z29: No | AA29: No | AC29: Normal | AD29: Male | AE29: 1 | AF29: 12 | AG29: 0 | AH29: Pvt. Medical College | AI29: Pvt. Medical College | AJ29: No | AK29: No | AL29: No | AM29: No | AN29: No | AO29: No | AP29: No | AQ29: No | AR29: No | AS29: No | AT29: No | AU29: Yes | AV29: Yes | AW29: No | AX29: No | AY29: No | AZ29: No | BA29: No | BB29: No | BC29: No | BD29: No | BE29: No | BF29: No | BG29: No | BK29: Yes | BL29: Duodenal Obstruction status post exploratory Laparotomy with Ladds procedure with Duodenostomy downs syndrome | BM29: No
A30: 26 | B30: B/o Shilpa K L W/o Narayana Venkatesh Poojary Varahi Road Siddapura | C30: Kundapura | D30: Siddapura | E30: Hindu | F30: Poojary | G30: No | H30: No | I30: No | J30: No | K30: No | L30: No | M30: No | N30: No | O30: No | P30: No | Q30: No | R30: No | S30: No | T30: No | U30: No | V30: No | W30: No | X30: No | Y30: No | Z30: No | AA30: No | AC30: Normal | AD30: Female | AE30: 0 | AF30: 2 | AG30: 0 | AH30: Govt. Hospital | AI30: Govt. Hospital | AJ30: Yes | AK30: Yes | AL30: No | AM30: No | AN30: No | AO30: No | AP30: No | AQ30: No | AR30: No | AS30: No | AT30: No | AU30: No | AV30: No | AW30: No | AX30: No | AY30: No | AZ30: No | BA30: No | BB30: No | BC30: No | BD30: No | BE30: No | BF30: No | BG30: No | BM30: No
A31: 27 | B31: Pradya B/o Asha, W/o Surendra Devadiga Rahuthanakatte Yadthare, Byndoor | C31: Kundapura | D31: Byndoor | E31: Hindu | F31: Devadiga | G31: No | H31: No | I31: No | J31: No | K31: No | L31: No | M31: No | N31: No | O31: No | P31: No | Q31: No | R31: No | S31: No | T31: No | U31: No | V31: No | W31: No | X31: No | Y31: No | Z31: No | AA31: No | AC31: LSCS | AD31: Female | AE31: 6 | AF31: 0 | AG31: 0 | AH31: Pvt. Hospital | AI31: Home | AJ31: No | AK31: No | AL31: No | AM31: No | AN31: No | AO31: No | AP31: No | AQ31: No | AR31: No | AS31: No | AT31: No | AU31: No | AV31: No | AW31: No | AX31: No | AY31: No | AZ31: No | BA31: No | BB31: No | BC31: No | BD31: No | BE31: No | BF31: No | BG31: No | BK31: Yes | BL31: Aspiration Pnuemonia in Floppy Infant | BM31: No
A32: 28 | B32: B/o Shahina W/o Mohammed Husain, Mullahouse Chathanakere Navunda | C32: Kundapura | D32: Maravanthe | E32: Muslim | F32: Muslim | G32: Yes | H32: No | I32: No | J32: No | K32: No | L32: No | M32: No | N32: No | O32: No | P32: Yes | Q32: No | R32: No | S32: No | T32: No | U32: No | V32: No | W32: No | X32: No | Y32: No | Z32: No | AA32: No | AC32: LSCS | AD32: Female | AE32: 0 | AF32: 25 | AG32: 0 | AH32: Pvt. Medical College | AI32: Pvt. Medical College | AJ32: Yes | AK32: Yes | AL32: No | AM32: No | AN32: No | AO32: No | AP32: No | AQ32: No | AR32: No | AS32: No | AT32: No | AU32: No | AV32: No | AW32: No | AX32: No | AY32: No | AZ32: No | BA32: No | BB32: No | BC32: No | BD32: No | BE32: No | BF32: No | BG32: No | BM32: No
A33: 29 | B33: B/o Saroja W/o Ashok Koraga Udayanagara Mudoor | C33: Kundapura | D33: Kollur | E33: Hindu | F33: Koraga | G33: Yes | H33: No | I33: No | J33: No | K33: No | L33: No | M33: No | N33: No | O33: No | P33: Yes | Q33: No | R33: No | S33: No | T33: No | U33: No | V33: No | W33: No | X33: Yes | Y33: No | Z33: No | AA33: No | AC33: LSCS | AD33: Female | AE33: 0 | AF33: 12 | AG33: 0 | AH33: Govt. Hospital | AI33: Home | AJ33: No | AK33: No | AL33: No | AM33: No | AN33: No | AO33: No | AP33: No | AQ33: No | AR33: No | AS33: No | AT33: Yes | AU33: No | AV33: No | AW33: No | AX33: No | AY33: No | AZ33: No | BA33: No | BB33: No | BC33: No | BD33: No | BE33: No | BF33: No | BG33: No | BM33: No
A34: 30 | B34: Arna B/o Vidya H W/o Shree Shila Gowda Hunsemakki Yeljith | C34: Kundapura | D34: Kollur | E34: Hindu | F34: Gowda | G34: No | H34: No | I34: No | J34: No | K34: No | L34: No | M34: No | N34: No | O34: No | P34: No | Q34: No | R34: No | S34: No | T34: No | U34: No | V34: No | W34: No | X34: No | Y34: No | Z34: No | AA34: No | AC34: Normal | AD34: Female | AE34: 5 | AF34: 7 | AG34: 0 | AH34: Pvt. Hospital | AI34: Home | AJ34: No | AK34: No | AL34: No | AM34: No | AN34: No | AO34: No | AP34: No | AQ34: No | AR34: No | AS34: No | AT34: No | AU34: No | AV34: No | AW34: No | AX34: No | AY34: No | AZ34: No | BA34: No | BB34: No | BC34: No | BD34: No | BE34: No | BF34: No | BG34: No | BK34: Yes | BL34: Gross Hydrocephalus with Diffuse Puntate Periventricular Calcification | BM34: No
A35: 31 | B35: B/o Wasifa Shireen Moulana W/o Faiza Hameed, VT Raod Muslim Keri Shiroor | C35: Kundapura | D35: Shiroor | E35: Muslim | F35: Muslim | G35: Yes | H35: No | I35: No | J35: No | K35: No | L35: No | M35: No | N35: No | O35: No | P35: No | Q35: No | R35: No | S35: No | T35: No | U35: Yes | V35: No | W35: No | X35: No | Y35: No | Z35: No | AA35: No | AC35: LSCS | AD35: Male | AE35: 0 | AF35: 18 | AG35: 0 | AH35: Pvt. Medical College | AI35: Pvt. Medical College | AJ35: Yes | AK35: Yes | AL35: No | AM35: No | AN35: No | AO35: No | AP35: No | AQ35: No | AR35: No | AS35: No | AT35: No | AU35: No | AV35: Yes | AW35: No | AX35: No | AY35: No | AZ35: No | BA35: No | BB35: No | BC35: No | BD35: No | BE35: No | BF35: No | BG35: No | BM35: No
A36: 32 | B36: B/o Anusha W/o Vikesh Kallambadi Padavu Nitte OmShankara Nilaya | C36: Karkala | D36: Nitte | E36: Hindu | F36: Kulal | G36: Yes | H36: No | I36: No | J36: No | K36: No | L36: No | M36: Yes | N36: No | O36: No | P36: No | Q36: No | R36: No | S36: No | T36: No | U36: No | V36: No | W36: No | X36: No | Y36: No | Z36: No | AA36: Yes | AC36: Normal | AD36: Male | AE36: 0 | AF36: 11 | AG36: 0 | AH36: Govt. Hospital | AI36: Govt. Hospital | AJ36: Yes | AK36: Yes | AL36: No | AM36: No | AN36: No | AO36: No | AP36: No | AQ36: No | AR36: No | AS36: No | AT36: No | AU36: No | AV36: No | AW36: No | AX36: No | AY36: No | AZ36: No | BA36: No | BB36: No | BC36: No | BD36: No | BE36: No | BF36: No | BG36: No | BM36: No
A37: 33 | B37: B/o Vidya W/o Sukesh, Vasu Nivasa Kalambadi Padavu Nitte Karkala | C37: Karkala | D37: Nitte | E37: Hindu | F37: SC | G37: No | H37: No | I37: No | J37: No | K37: No | L37: No | M37: No | N37: No | O37: No | P37: No | Q37: No | R37: No | S37: No | T37: No | U37: No | V37: No | W37: No | X37: No | Y37: No | Z37: No | AA37: No | AC37: LSCS | AD37: Male | AE37: 0 | AF37: 10 | AG37: 0 | AH37: Govt. Hospital | AI37: Govt. Hospital | AJ37: Yes | AK37: No | AL37: No | AM37: No | AN37: No | AO37: No | AP37: No | AQ37: No | AR37: No | AS37: No | AT37: No | AU37: Yes | AV37: No | AW37: Yes | AX37: No | AY37: No | AZ37: No | BA37: No | BB37: No | BC37: No | BD37: No | BE37: No | BF37: No | BG37: No | BM37: Yes
A38: 34 | B38: B/o Bharathi W/o Udaya Devadiga Huligudde Kadikekodlu Kondalli Shankaranarayana | C38: Kundapura | D38: Shankaranarayana | E38: Hindu | F38: Devadiga | G38: Yes | H38: No | I38: No | J38: No | K38: No | L38: No | M38: No | N38: No | O38: Yes | P38: No | Q38: No | R38: No | S38: No | T38: No | U38: No | V38: No | W38: No | X38: No | Y38: No | Z38: No | AA38: No | AC38: Normal | AD38: Male | AE38: 0 | AF38: 3 | AG38: 0 | AH38: Govt. Hospital | AI38: Govt. Hospital | AJ38: Yes | AK38: Yes | AL38: No | AM38: No | AN38: No | AO38: No | AP38: No | AQ38: No | AR38: No | AS38: No | AT38: No | AU38: Yes | AV38: No | AW38: No | AX38: No | AY38: No | AZ38: No | BA38: No | BB38: No | BC38: No | BD38: No | BE38: No | BF38: No | BG38: No | BM38: No
A39: 35 | B39: B/o Vimala W/o Ganesh Kulal Mettinhole Kalthod Kirimanjeshwara | C39: Kundapura | D39: Kirimanjeshwara | E39: Hindu | F39: Kulal | G39: No | H39: No | I39: No | J39: No | K39: No | L39: No | M39: No | N39: No | O39: No | P39: No | Q39: No | R39: No | S39: No | T39: No | U39: No | V39: No | W39: No | X39: No | Y39: No | Z39: No | AA39: No | AC39: LSCS | AD39: Male | AE39: 0 | AF39: 25 | AG39: 0 | AH39: Pvt. Medical College | AI39: Home | AJ39: No | AK39: No | AL39: No | AM39: No | AN39: No | AO39: No | AP39: No | AQ39: No | AR39: No | AS39: No | AT39: No | AU39: No | AV39: No | AW39: No | AX39: No | AY39: No | AZ39: No | BA39: No | BB39: No | BC39: No | BD39: No | BE39: No | BF39: No | BG39: No | BK39: Yes | BL39: Open Neural tube defect, Obstructive Hydrocephalus, Craniosynostosis with Macrocephaly | BM39: No
A40: 36 | B40: Nikshitha B/o Sumithra W/o Anil Kulal Padumane Bairampalli Kukkehalli | C40: Udupi | D40: Kukkehalli | E40: Hindu | F40: Kulal | G40: No | H40: No | I40: No | J40: No | K40: No | L40: No | M40: No | N40: No | O40: No | P40: No | Q40: No | R40: No | S40: No | T40: No | U40: No | V40: No | W40: No | X40: No | Y40: No | Z40: No | AA40: No | AC40: Normal | AD40: Female | AE40: 2 | AF40: 8 | AG40: 0 | AH40: Govt. Hospital | AI40: Pvt. Hospital | AJ40: No | AK40: No | AL40: No | AM40: No | AN40: No | AO40: Yes | AP40: No | AQ40: No | AR40: No | AS40: No | AT40: No | AU40: No | AV40: No | AW40: No | AX40: No | AY40: No | AZ40: No | BA40: No | BB40: No | BC40: No | BD40: No | BE40: No | BF40: No | BG40: No | BM40: Yes
A41: 37 | B41: B/o Kushi Magar W/o Prakash, A3 Flat Malpe | C41: Udupi | D41: Malpe | F41: Nepalian | G41: No | H41: No | I41: No | J41: No | K41: No | L41: No | M41: No | N41: No | O41: No | P41: No | Q41: No | R41: No | S41: No | T41: No | U41: No | V41: No | W41: No | X41: No | Y41: No | Z41: No | AA41: No | AC41: LSCS | AD41: Male | AE41: 0 | AF41: 2 | AG41: 0 | AH41: Pvt. Hospital | AI41: Pvt. Hospital | AJ41: No | AK41: No | AL41: No | AM41: No | AN41: No | AO41: No | AP41: No | AQ41: Yes | AR41: No | AS41: No | AT41: No | AU41: No | AV41: No | AW41: No | AX41: No | AY41: No | AZ41: No | BA41: No | BB41: No | BC41: No | BD41: No | BE41: No | BF41: No | BG41: No | BM41: Yes
A42: 38 | B42: B/o Hemalatha W/o Virupaksha Devalkunda Gangolli | C42: Kundapura | D42: Gangolli | E42: Hindu | F42: SC | G42: Yes | H42: No | I42: No | J42: No | K42: No | L42: No | M42: No | N42: No | O42: No | P42: Yes | Q42: No | R42: No | S42: No | T42: No | U42: No | V42: No | W42: No | X42: No | Y42: No | Z42: No | AA42: No | AC42: LSCS | AD42: Female | AE42: 0 | AF42: 14 | AG42: 0 | AH42: Govt. Hospital | AI42: Govt. Hospital | AJ42: Yes | AK42: Yes | AL42: No | AM42: No | AN42: No | AO42: No | AP42: No | AQ42: No | AR42: No | AS42: No | AT42: No | AU42: No | AV42: No | AW42: No | AX42: No | AY42: No | AZ42: No | BA42: No | BB42: No | BC42: No | BD42: No | BE42: No | BF42: No | BG42: No | BM42: No
A43: 39 | B43: B/o Vibha Vinaya Vaidya Kroda Bailoore Shankaranarayana | C43: Kundapura | D43: Shankaranarayana | E43: Hindu | F43: Brahmin | G43: Yes | H43: No | I43: Yes | J43: No | K43: No | L43: No | M43: No | N43: No | O43: No | P43: Yes | Q43: No | R43: No | S43: No | T43: No | U43: No | V43: No | W43: No | X43: No | Y43: No | Z43: No | AA43: No | AC43: LSCS | AD43: Male | AE43: 0 | AF43: 1 | AG43: 0 | AH43: Govt Medical College | AI43: Govt Medical College | AJ43: No | AK43: No | AL43: No | AM43: No | AN43: No | AO43: No | AP43: No | AQ43: No | AR43: No | AS43: No | AT43: No | AU43: Yes | AV43: No | AW43: No | AX43: No | AY43: No | AZ43: No | BA43: No | BB43: No | BC43: No | BD43: No | BE43: No | BF43: No | BG43: No | BM43: Yes
A44: 40 | B44: B/o Lalitha D W/o Jayaram Mogaveer, Doddanajaddu Hennabailu Hosangadi | C44: Kundapura | D44: Siddapura | E44: Hindu | F44: Mogaveera | G44: Yes | H44: No | I44: No | J44: No | K44: No | L44: No | M44: No | N44: No | O44: No | P44: Yes | Q44: No | R44: No | S44: No | T44: No | U44: No | V44: No | W44: No | X44: No | Y44: No | Z44: No | AA44: No | AC44: LSCS | AD44: Female | AE44: 1 | AF44: 19 | AG44: 0 | AH44: Govt. Hospital | AI44: Pvt. Medical College | AJ44: No | AK44: No | AL44: No | AM44: No | AN44: No | AO44: No | AP44: Yes | AQ44: No | AR44: No | AS44: No | AT44: No | AU44: No | AV44: No | AW44: Yes | AX44: No | AY44: No | AZ44: No | BA44: No | BB44: No | BC44: No | BD44: No | BE44: No | BF44: No | BG44: No | BM44: Yes
A45: 41 | B45: B/o Samrin Fazil Ahamed Moulana W/o Moulana Fazil Ahamed 1-45G Nagoor Kirimanjeshwara | C45: Kundapura | D45: Kirimanjeshwara | E45: Muslim | F45: Muslim | G45: Yes | H45: No | I45: No | J45: No | K45: No | L45: No | M45: No | N45: No | O45: No | P45: Yes | Q45: No | R45: No | S45: No | T45: No | U45: No | V45: No | W45: No | X45: No | Y45: No | Z45: No | AA45: No | AC45: LSCS | AD45: Male | AE45: 0 | AF45: 22 | AG45: 0 | AH45: Pvt. Medical College | AI45: Pvt. Medical College | AJ45: No | AK45: No | AL45: No | AM45: No | AN45: No | AO45: No | AP45: No | AQ45: No | AR45: No | AS45: No | AT45: No | AU45: No | AV45: No | AW45: No | AX45: No | AY45: No | AZ45: No | BA45: No | BB45: No | BC45: No | BD45: No | BE45: No | BF45: No | BG45: No | BK45: Yes | BL45: Open Neural tube defect, Obstructive Hydrocephalus, Craniosynostosis with Macrocephaly | BM45: No
A46: 42 | B46: Shaivi B/o Shanthala W/o Ashok Naik, Murathagudde Bommarbettu Hiriadka | C46: Udupi | D46: Hiriadka | E46: Hindu | F46: ST(Marati) | G46: Yes | H46: No | I46: No | J46: No | K46: No | L46: No | M46: No | N46: No | O46: No | P46: No | Q46: No | R46: No | S46: No | T46: No | U46: No | V46: No | W46: No | X46: No | Y46: No | Z46: No | AA46: Yes | AC46: LSCS | AD46: Female | AE46: 6 | AF46: 0 | AG46: 0 | AH46: Pvt. Medical College | AI46: Pvt. Medical College | AJ46: No | AK46: No | AL46: No | AM46: No | AN46: No | AO46: No | AP46: No | AQ46: No | AR46: No | AS46: No | AT46: No | AU46: No | AV46: No | AW46: No | AX46: No | AY46: No | AZ46: No | BA46: No | BB46: No | BC46: No | BD46: No | BE46: No | BF46: No | BG46: No | BK46: Yes | BL46: Resistant Hypoglycemia, respiratory failure pulmonary Haemorrhage Bronchopneumonia with respiratory failure, sepsis Large VSD with Hyperkinetic PAH &PDA in congestive cardiac. | BM46: No
A47: 43 | B47: Thanmay B/o Sushma W/o Santhosh Golibettu Irody Sasthana | C47: Udupi | D47: Sastana | E47: Hindu | F47: Poojary | G47: No | H47: No | I47: No | J47: No | K47: No | L47: No | M47: No | N47: No | O47: No | P47: No | Q47: No | R47: No | S47: No | T47: No | U47: No | V47: No | W47: No | X47: No | Y47: No | Z47: No | AA47: No | AC47: Normal | AD47: Male | AE47: 3 | AF47: 10 | AG47: 0 | AH47: Pvt. Medical College | AI47: Pvt. Medical College | AJ47: No | AK47: No | AL47: No | AM47: No | AN47: No | AO47: No | AP47: Yes | AQ47: No | AR47: No | AS47: No | AT47: No | AU47: Yes | AV47: Yes | AW47: No | AX47: No | AY47: No | AZ47: No | BA47: No | BB47: No | BC47: No | BD47: No | BE47: No | BF47: No | BG47: No | BM47: Yes
A48: 44 | B48: B/o Akhila W/o Pratheek Shetty Gudde, Nandikur | C48: Udupi | D48: Mudarangadi | E48: Hindu | F48: Poojary | G48: No | H48: No | I48: No | J48: No | K48: No | L48: No | M48: No | N48: No | O48: No | P48: No | Q48: No | R48: No | S48: No | T48: No | U48: No | V48: No | W48: No | X48: No | Y48: No | Z48: No | AA48: No | AC48: LSCS | AD48: Female | AE48: 0 | AF48: 3 | AG48: 0 | AH48: Govt. Hospital | AI48: Govt. Hospital | AJ48: Yes | AK48: Yes | AL48: No | AM48: No | AN48: No | AO48: No | AP48: No | AQ48: No | AR48: No | AS48: No | AT48: No | AU48: No | AV48: No | AW48: No | AX48: No | AY48: No | AZ48: No | BA48: No | BB48: No | BC48: No | BD48: No | BE48: No | BF48: No | BG48: No | BM48: No
A49: 45 | B49: B/o Ranjitha W/o Prakash Acharya Mavinakatte Yellare | C49: Karkala | D49: Donderangadi | E49: Hindu | F49: Acharya | G49: No | H49: No | I49: No | J49: No | K49: No | L49: No | M49: No | N49: No | O49: No | P49: No | Q49: No | R49: No | S49: No | T49: No | U49: No | V49: No | W49: No | X49: No | Y49: No | Z49: No | AA49: No | AC49: LSCS | AD49: Female | AE49: 0 | AF49: 4 | AG49: 0 | AH49: Govt. Hospital | AI49: Govt. Hospital | AJ49: Yes | AK49: Yes | AL49: No | AM49: No | AN49: No | AO49: No | AP49: No | AQ49: No | AR49: No | AS49: No | AT49: No | AU49: No | AV49: No | AW49: No | AX49: No | AY49: No | AZ49: No | BA49: No | BB49: No | BC49: No | BD49: No | BE49: No | BF49: No | BG49: No | BM49: No
A50: 46 | B50: Ishani B/o Shraddha S Kotian W/o Sunil Kumar, Mathruchaya, Annajigoli Inna | C50: Karkala | D50: Inna | E50: Hindu | F50: Poojary | G50: Yes | H50: No | I50: No | J50: No | K50: No | L50: No | M50: No | N50: No | O50: No | P50: No | Q50: No | R50: No | S50: No | T50: No | U50: No | V50: No | W50: No | X50: No | Y50: No | Z50: No | AA50: Yes | AC50: LSCS | AD50: Female | AE50: 4 | AF50: 0 | AG50: 0 | AH50: Pvt. Medical College | AI50: Pvt. Medical College | AJ50: Yes | AK50: Yes | AL50: No | AM50: No | AN50: No | AO50: No | AP50: No | AQ50: No | AR50: No | AS50: No | AT50: No | AU50: No | AV50: No | AW50: No | AX50: No | AY50: No | AZ50: No | BA50: No | BB50: No | BC50: No | BD50: No | BE50: No | BF50: No | BG50: No | BM50: No
A51: 47 | B51: B/o Anitha W/o Shashidhar, Hapankatte, Ninjoor, Palli | C51: Karkala | D51: Palli | E51: Hindu | F51: SC | G51: No | H51: No | I51: No | J51: No | K51: No | L51: No | M51: No | N51: No | O51: No | P51: No | Q51: No | R51: No | S51: No | T51: No | U51: No | V51: No | W51: No | X51: No | Y51: No | Z51: No | AA51: No | AC51: LSCS | AD51: Female | AE51: 0 | AF51: 4 | AG51: 0 | AH51: Govt. Hospital | AI51: Govt. Hospital | AJ51: Yes | AK51: No | AL51: No | AM51: Yes | AN51: No | AO51: No | AP51: No | AQ51: No | AR51: No | AS51: No | AT51: No | AU51: No | AV51: No | AW51: No | AX51: No | AY51: No | AZ51: No | BA51: No | BB51: No | BC51: No | BD51: No | BE51: No | BF51: No | BG51: No | BM51: No
A52: 48 | B52: B/o Afeefa W/o K H Musthaf, Muslimkeri, Beach Road, Kodi B | C52: Kundapura | D52: Kodi | E52: Muslim | F52: Muslim | G52: Yes | H52: No | I52: No | J52: No | K52: No | L52: No | M52: Yes | N52: No | O52: No | P52: No | Q52: No | R52: No | S52: No | T52: No | U52: No | V52: No | W52: No | X52: No | Y52: No | Z52: No | AA52: No | AC52: LSCS | AD52: Female | AE52: 0 | AF52: 5 | AG52: 0 | AH52: Govt. Hospital | AI52: Govt. Hospital | AJ52: Yes | AK52: No | AL52: No | AM52: Yes | AN52: No | AO52: No | AP52: No | AQ52: No | AR52: No | AS52: No | AT52: No | AU52: Yes | AV52: No | AW52: No | AX52: No | AY52: No | AZ52: No | BA52: No | BB52: No | BC52: No | BD52: No | BE52: No | BF52: No | BG52: No | BM52: No
A53: 49 | B53: Ahan B/o Sneha W/o Sathish , Parthikatte Hattiangadi | C53: Kundapura | D53: Hattiangadi | E53: Hindu | F53: SC | G53: Yes | H53: No | I53: No | J53: No | K53: No | L53: No | M53: No | N53: No | O53: Yes | P53: No | Q53: No | R53: No | S53: No | T53: No | U53: No | V53: No | W53: No | X53: No | Y53: No | Z53: No | AA53: No | AC53: LSCS | AD53: Male | AE53: 11 | AF53: 0 | AG53: 0 | AH53: Govt. Hospital | AI53: Govt. Hospital | AJ53: No | AK53: No | AL53: No | AM53: No | AN53: No | AO53: No | AP53: No | AQ53: No | AR53: No | AS53: No | AT53: No | AU53: No | AV53: No | AW53: No | AX53: No | AY53: No | AZ53: No | BA53: No | BB53: No | BC53: No | BD53: No | BE53: No | BF53: No | BG53: No | BK53: Yes | BL53: Acute on Chronic Liver Disease(Bileary Atresia) Sepsis | BM53: No
A54: 50 | B54: Harshith Marathi B/o Sadhu W/o Somayya Nagaramakki Byndoor | C54: Kundapura | D54: Byndoor | E54: Hindu | F54: ST | G54: Yes | H54: No | I54: No | J54: Yes | K54: No | L54: No | M54: No | N54: Yes | O54: No | P54: No | Q54: No | R54: No | S54: No | T54: No | U54: No | V54: No | W54: No | X54: No | Y54: No | Z54: No | AA54: No | AC54: Normal | AD54: Male | AE54: 4 | AF54: 2 | AG54: 0 | AH54: Govt. Hospital | AI54: Home | AJ54: No | AK54: No | AL54: No | AM54: Yes | AN54: No | AO54: No | AP54: No | AQ54: No | AR54: No | AS54: No | AT54: No | AU54: No | AV54: No | AW54: No | AX54: No | AY54: No | AZ54: No | BA54: No | BB54: No | BC54: No | BD54: No | BE54: No | BF54: No | BG54: No | BK54: Yes | BL54: Primary Immunio Deficiency | BM54: No
A55: 51 | B55: Nuh Yaseen Nannu B/o Umma Salma W/o Mohammed Yaseen Nannu Noor Mohalla Hadavinakone Shiroor | C55: Kundapura | D55: Shiroor | E55: Muslim | F55: Muslim | G55: Yes | H55: No | I55: No | J55: No | K55: No | L55: No | M55: Yes | N55: No | O55: No | P55: No | Q55: No | R55: No | S55: No | T55: No | U55: No | V55: No | W55: No | X55: No | Y55: No | Z55: No | AA55: No | AC55: Normal | AD55: Male | AE55: 3 | AF55: 16 | AG55: 0 | AH55: Pvt. Hospital | AI55: Home | AJ55: No | AK55: No | AL55: No | AM55: No | AN55: No | AO55: No | AP55: No | AQ55: No | AR55: No | AS55: No | AT55: No | AU55: No | AV55: No | AW55: No | AX55: No | AY55: No | AZ55: No | BA55: No | BB55: No | BC55: No | BD55: No | BE55: Yes | BF55: No | BG55: No | BK55: Yes | BL55: Sudden Infant death known case of status post congenital hypertrophic pyloric stenosis | BM55: No
A56: 52 | B56: Mohammed Basith B/o Rehena Begaum W/o Badruddin Rajiv Nagara Heroor Brahmavara | C56: Udupi | D56: Brahmavara | E56: Muslim | F56: Muslim | G56: No | H56: No | I56: No | J56: No | K56: No | L56: No | M56: No | N56: No | O56: No | P56: No | Q56: No | R56: No | S56: No | T56: No | U56: No | V56: No | W56: No | X56: No | Y56: No | Z56: No | AA56: No | AC56: Normal | AD56: Male | AE56: 2 | AF56: 15 | AG56: 0 | AH56: Pvt. Medical College | AI56: Pvt. Medical College | AJ56: No | AK56: No | AL56: No | AM56: No | AN56: No | AO56: No | AP56: Yes | AQ56: No | AR56: No | AS56: No | AT56: Yes | AU56: No | AV56: Yes | AW56: No | AX56: No | AY56: No | AZ56: No | BA56: No | BB56: No | BC56: No | BD56: No | BE56: No | BF56: No | BG56: No | BM56: No
A57: 53 | B57: Mohammed Sawaz B/o Fathimath Razeena W/o Shavuddin , Big House Kombagudde Mallar Kaup | C57: Udupi | D57: Kaup | E57: Muslim | F57: Muslim | G57: Yes | H57: No | I57: No | J57: No | K57: No | L57: No | M57: No | N57: No | O57: No | P57: No | Q57: No | R57: No | S57: No | T57: No | U57: No | V57: No | W57: No | X57: No | Y57: No | Z57: No | AA57: Yes | AC57: LSCS | AD57: Male | AE57: 1 | AF57: 19 | AG57: 0 | AH57: Pvt. Medical College | AI57: Transit | AJ57: No | AK57: No | AL57: No | AM57: No | AN57: Yes | AO57: No | AP57: No | AQ57: No | AR57: No | AS57: No | AT57: No | AU57: No | AV57: No | AW57: No | AX57: No | AY57: No | AZ57: No | BA57: No | BB57: No | BC57: No | BD57: Yes | BE57: Yes | BF57: No | BG57: No | BM57: Yes
A58: 54 | B58: Ayansh B/o Shrilatha W/o Ganesh Acharya, Sannidhi House" Vajpayee Badavane Balapu Village | C58: Udupi | D58: Shirva | E58: Hindu | F58: Acharya | G58: Yes | H58: No | I58: No | J58: No | K58: No | L58: No | M58: No | N58: No | O58: No | P58: No | Q58: No | R58: No | S58: No | T58: No | U58: No | V58: Yes | W58: No | X58: No | Y58: No | Z58: No | AA58: No | AC58: Normal | AD58: Male | AE58: 5 | AF58: 15 | AG58: 0 | AH58: Pvt. Medical College | AI58: Pvt. Medical College | AJ58: No | AK58: No | AL58: No | AM58: No | AN58: No | AO58: No | AP58: No | AQ58: No | AR58: No | AS58: No | AT58: No | AU58: Yes | AV58: No | AW58: No | AX58: No | AY58: No | AZ58: No | BA58: No | BB58: No | BC58: No | BD58: No | BE58: No | BF58: No | BG58: No | BK58: Yes | BL58: Hepatic Encepalopathy with acute Liver Failure with severe, metabolic acidosis Klebsiella pnuemonia postive sepsis with multi organ dysfunction failure to thrive with sescepted Glycogen storage disorder | BM58: No
A59: 55 | B59: B/o Jalaja W/o Manjunatha Shalimane Maranakatte Chittur Aloor | C59: Kundapura | D59: Aloor | E59: Hindu | F59: SC | G59: Yes | H59: No | I59: No | J59: No | K59: Yes | L59: Yes | M59: No | N59: No | O59: No | P59: No | Q59: No | R59: No | S59: No | T59: No | U59: No | V59: No | W59: No | X59: No | Y59: No | Z59: No | AA59: No | AC59: LSCS | AD59: Female | AE59: 0 | AF59: 15 | AG59: 0 | AH59: Govt Hopital | AI59: Govt Hopital | AJ59: Yes | AK59: No | AL59: yes | AM59: No | AN59: No | AO59: No | AP59: No | AQ59: No | AR59: No | AS59: No | AT59: No | AU59: Yes | AV59: No | AW59: No | AX59: No | AY59: No | AZ59: No | BA59: No | BB59: No | BC59: No | BD59: No | BE59: No | BF59: No | BG59: No | BK59: Yes | BL59: Acute Kidney infection | BM59: No
A60: 56 | B60: B/o Shalini W/o Srinivas Kharvi, Bhagathnagar, Kanchagodu Hosadu Maravanthe | C60: Kundapura | D60: Maravanthe | E60: Hindu | F60: Kharvi | G60: No | H60: No | I60: No | J60: No | K60: No | L60: No | M60: No | N60: No | O60: No | P60: No | Q60: No | R60: No | S60: No | T60: No | U60: No | V60: No | W60: No | X60: No | Y60: No | Z60: No | AA60: No | AC60: LSCS | AD60: Male | AE60: 7 | AF60: 19 | AG60: 0 | AH60: Pvt. Hospital | AI60: Transit | AJ60: No | AK60: No | AL60: No | AM60: No | AN60: No | AO60: No | AP60: No | AQ60: No | AR60: No | AS60: No | AT60: No | AU60: No | AV60: Yes | AW60: No | AX60: No | AY60: No | AZ60: No | BA60: No | BB60: No | BC60: No | BD60: No | BE60: No | BF60: No | BG60: No | BK60: Yes | BL60: Broncholites | BM60: Yes
A61: 57 | B61: B/o Fathima Hyrah D/o Shabana Abdul Samad, Near Railway Bridge, Mullagudde Bada Padubidri | C61: Udupi | D61: Padubidri | E61: Muslim | F61: Muslim | G61: Yes | H61: No | I61: No | J61: No | K61: No | L61: No | M61: No | N61: No | O61: No | P61: No | Q61: No | R61: No | S61: No | T61: No | U61: Yes | V61: No | W61: No | X61: No | Y61: No | Z61: No | AA61: No | AC61: Normal | AD61: Female | AE61: 3 | AF61: 21 | AG61: 0 | AH61: Pvt. Medical College | AI61: Home | AJ61: No | AK61: No | AL61: No | AM61: No | AN61: No | AO61: No | AP61: No | AQ61: No | AR61: No | AS61: No | AT61: No | AU61: No | AV61: No | AW61: No | AX61: No | AY61: No | AZ61: No | BA61: No | BB61: No | BC61: No | BD61: Yes | BE61: Yes | BF61: No | BG61: No | BM61: Yes
A62: 58 | B62: B/o Sushma Nayak W/o Sandesh Nayak Parampalli Saligrama Gendekere | C62: Udupi | D62: Saligrama | E62: Hindu | F62: Nayak | G62: No | H62: No | I62: No | J62: No | K62: No | L62: No | M62: No | N62: No | O62: No | P62: No | Q62: No | R62: No | S62: No | T62: No | U62: No | V62: No | W62: No | X62: No | Y62: No | Z62: No | AA62: No | AC62: Normal | AD62: Male | AE62: 0 | AF62: 13 | AG62: 0 | AH62: Govt Hopital | AI62: Govt Hopital | AJ62: Yes | AK62: No | AL62: No | AM62: No | AN62: No | AO62: No | AP62: No | AQ62: No | AR62: No | AS62: No | AT62: No | AU62: Yes | AV62: No | AW62: Yes | AX62: No | AY62: No | AZ62: No | BA62: No | BB62: No | BC62: No | BD62: No | BE62: No | BF62: No | BG62: No | BM62: Yes
AB63: =+COUNTA(AB5:AB58) -> 0

Sheet Sheet3
D11: Detailed Infant Death Report for the year 2023-24 (April 23 to March 24)
D19: Diabetes mellitus | E19: RH '- ve' | F19: Elderly Primi | G19: Hypertensive Diorders | H19: Aneamia | K19: Previous LSCS | L19: Heigh <145 cms | M19: Infectitons like HIV, Sypholiis | N19: Epilpsy / Asthama / Any other Disease | O19: 4 / More Pregnancies | P19: Transverse lie of featus | Q19: Tyroid Disease | R19: IUGR | S19: Twins / Triplets etc | T19: Fetal developmental abnormalaitis
H20: Mild | I20: Morderate | J20: Sevre Aneamia
H26: Diabetes mellitus
H27: RH '- ve'
H28: Elderly Primi
H29: Hypertensive Diorders
H30: Aneamia | I30: Mild
I31: Morderate
I32: Sevre Aneamia
H33: Previous LSCS
H34: Heigh <145 cms
H35: Infectitons like HIV, Sypholiis
H36: Epilpsy / Asthama / Any other Disease
H37: 4 / More Pregnancies
H38: Transverse lie of featus
H39: Tyroid Disease
H40: IUGR
H41: Twins / Triplets etc
H42: Fetal developmental abnormalaitis

Sheet Categorized Data
L3: Mothers Health Complications | AE3: Child Health Complications
A4: Taluk | B4: PHC | C4: Religion | D4: Community | E4: High Risk (Yes / No) | F4: Delivery Type (LSCS / Norma) | G4: Gender | H4: Death category | I4: Place of Birth | J4: Place of Death | K4: Preventable (Yes / No) | L4: Diabetes mellitus | M4: RH '- ve' | N4: Elderly Primi | O4: Hypertensive Diorders | P4: Mild Aneamia | Q4: Morderate Aneamia | R4: Sevre Aneamia | S4: BMI < 18 | T4: Previous LSCS | U4: Heigh <145 cms | V4: Multi Gravida | W4: Previous Abortion | X4: Tyroid Disease | Y4: Psychiatric Illness | Z4: Twins / Triplets etc | AA4: Months | AB4: Days | AC4: Hours | AD4: Total days | AE4: LBW | AF4: Extreme preterm (<28 weeks) | AG4: Early Premature (28-31 weeks) | AH4: Morderate Premature (<32-33 weeks) | AI4: Late Pre-term (34-36 weeks) | AJ4: Aspitartion Pneumonia | AK4: Broncho Pneumonia | AL4: Congenitall Pneumonia | AM4: Cardiac Anomoly | AN4: CHD | AO4: Sepsis | AP4: Respiratory Distress | AQ4: Pulmonary Hypertension | AR4: Neonatal Asphyxia | AS4: Meconium Aspiration Syndrome | AT4: Milk Aspiration | AU4: SIDS | AV4: Twins / Multiple etc | AW4: Others | AX4: Reason for Others / Others
A5: Karkala | B5: Idu | C5: Jain | D5: Jain | E5: YES | F5: LSCS | G5: Male | H5: Neonatal Death | I5: Govt. Hospital | J5: Govt. Hospital | K5: NO | L5: NO | M5: NO | N5: NO | O5: NO | P5: NO | Q5: NO | R5: NO | S5: NO | T5: YES | U5: NO | V5: NO | W5: NO | X5: NO | Y5: NO | Z5: NO | AA5: 0 | AB5: 3 | AC5: NO | AD5: 3 | AE5: NO | AF5: NO | AG5: NO | AH5: NO | AI5: NO | AJ5: NO | AK5: NO | AL5: NO | AM5: NO | AN5: NO | AO5: NO | AP5: NO | AQ5: NO | AR5: NO | AS5: NO | AT5: NO | AU5: NO | AV5: NO | AW5: YES | AX5: Multiple Fetal ANOmalies Absent Cavum Pellucudum With Septo-Optic Dysplasia? Severe Persistent Pulmonary Hypertension
A6: Karkala | B6: Inna | C6: Hindu | D6: Acharya | E6: YES | F6: LSCS | G6: Female | H6: Neonatal Death | I6: Pvt. Medical College | J6: Pvt. Medical College | K6: NO | L6: NO | M6: NO | N6: NO | O6: NO | P6: NO | Q6: NO | R6: NO | S6: NO | T6: NO | U6: NO | V6: NO | W6: NO | X6: NO | Y6: NO | Z6: YES | AA6: 0 | AB6: 16 | AC6: NO | AD6: 16 | AE6: YES | AF6: NO | AG6: NO | AH6: NO | AI6: NO | AJ6: NO | AK6: NO | AL6: NO | AM6: NO | AN6: NO | AO6: NO | AP6: NO | AQ6: NO | AR6: NO | AS6: NO | AT6: NO | AU6: NO | AV6: YES | AW6: YES | AX6: Multi Organ Dysfuction syndrome septic shock bilateral grade 3 intra ventricular hemorrhage with moderate Hydrocephalus neonatal seizures acute kidney injury stage YES anemia of prematurity moderate respiratory distress syndrome very preterm very low birth weight.
A7: Karkala | B7: Inna | C7: Hindu | D7: Acharya | E7: YES | F7: LSCS | G7: Female | H7: Neonatal Death | I7: Pvt. Medical College | J7: Pvt. Medical College | K7: NO | L7: NO | M7: NO | N7: NO | O7: NO | P7: NO | Q7: NO | R7: NO | S7: NO | T7: NO | U7: NO | V7: NO | W7: NO | X7: NO | Y7: NO | Z7: YES | AA7: 0 | AB7: 16 | AC7: NO | AD7: 16 | AE7: YES | AF7: NO | AG7: NO | AH7: NO | AI7: NO | AJ7: NO | AK7: NO | AL7: NO | AM7: NO | AN7: NO | AO7: NO | AP7: NO | AQ7: NO | AR7: NO | AS7: NO | AT7: NO | AU7: NO | AV7: YES | AW7: YES | AX7: Multi Organ Dysfuction syndrome septic shock bilateral grade 3 intra ventricular hemorrhage with moderate Hydrocephalus neonatal seizures acute kidney injury stage YES anemia of prematurity moderate respiratory distress syndrome very preterm very low birth weight.
A8: Karkala | B8: Idu | C8: Hindu | D8: SC | E8: NO | F8: LSCS | G8: Male | H8: Infant Death | I8: Govt. Hospital | J8: Pvt. Medical College | K8: NO | L8: NO | M8: NO | N8: NO | O8: NO | P8: NO | Q8: NO | R8: NO | S8: NO | T8: NO | U8: NO | V8: NO | W8: NO | X8: NO | Y8: NO | Z8: NO | AA8: 1 | AB8: 15 | AC8: NO | AD8: 45 | AE8: NO | AF8: NO | AG8: NO | AH8: NO | AI8: NO | AJ8: NO | AK8: NO | AL8: NO | AM8: NO | AN8: NO | AO8: NO | AP8: NO | AQ8: NO | AR8: NO | AS8: NO | AT8: NO | AU8: NO | AV8: NO | AW8: YES | AX8: Refractory Decompensated Shock Biventricular Failure severe PAH
A9: Karkala | B9: G H Karkala | C9: Muslim | D9: Muslim | E9: YES | F9: Normal | G9: Female | H9: Neonatal Death | I9: pvt Hospital | J9: Home | K9: NO | L9: NO | M9: NO | N9: NO | O9: NO | P9: NO | Q9: NO | R9: NO | S9: NO | T9: NO | U9: NO | V9: YES | W9: YES | X9: NO | Y9: NO | Z9: NO | AA9: 0 | AB9: 5 | AC9: 15 | AD9: 5 | AE9: NO | AF9: NO | AG9: NO | AH9: NO | AI9: NO | AJ9: NO | AK9: NO | AL9: NO | AM9: NO | AN9: NO | AO9: NO | AP9: NO | AQ9: NO | AR9: NO | AS9: NO | AT9: NO | AU9: NO | AV9: NO | AW9: YES | AX9: Spinal Muscular Atrophy lower respiratory infection
A10: Karkala | B10: Mala | C10: Hindu | D10: SC | E10: YES | F10: Normal | G10: Female | H10: Neonatal Death | I10: Govt. Hospital | J10: Govt. Hospital | K10: YES | L10: NO | M10: NO | N10: NO | O10: NO | P10: NO | Q10: NO | R10: NO | S10: NO | T10: NO | U10: NO | V10: NO | W10: NO | X10: NO | Y10: NO | Z10: YES | AA10: 0 | AB10: 7 | AC10: NO | AD10: 7 | AE10: YES | AF10: NO | AG10: NO | AH10: YES | AI10: NO | AJ10: NO | AK10: NO | AL10: NO | AM10: NO | AN10: NO | AO10: NO | AP10: NO | AQ10: NO | AR10: NO | AS10: NO | AT10: NO | AU10: NO | AV10: NO | AW10: NO | AX10: NO
A11: Karkala | B11: Ajekar | C11: Hindu | D11: Jain | E11: YES | F11: LSCS | G11: Female | H11: Neonatal Death | I11: Govt. Hospital | J11: Govt. Hospital | K11: NO | L11: NO | M11: NO | N11: NO | O11: NO | P11: NO | Q11: YES | R11: NO | S11: NO | T11: NO | U11: NO | V11: YES | W11: YES | X11: NO | Y11: YES | Z11: NO | AA11: 0 | AB11: 1 | AC11: NO | AD11: 1 | AE11: YES | AF11: NO | AG11: YES | AH11: NO | AI11: NO | AJ11: NO | AK11: NO | AL11: NO | AM11: NO | AN11: NO | AO11: NO | AP11: YES | AQ11: NO | AR11: NO | AS11: NO | AT11: NO | AU11: NO | AV11: NO | AW11: YES | AX11: Skeletal Dysplasia
A12: Karkala | B12: Inna | C12: Hindu | D12: Poojary | E12: YES | F12: LSCS | G12: Female | H12: Neonatal Death | I12: Pvt. Medical College | J12: Pvt. Medical College | K12: NO | L12: NO | M12: NO | N12: NO | O12: NO | P12: NO | Q12: NO | R12: NO | S12: NO | T12: NO | U12: NO | V12: NO | W12: NO | X12: NO | Y12: NO | Z12: YES | AA12: 0 | AB12: 1 | AC12: NO | AD12: 1 | AE12: YES | AF12: YES | AG12: NO | AH12: NO | AI12: NO | AJ12: NO | AK12: NO | AL12: NO | AM12: NO | AN12: NO | AO12: NO | AP12: YES | AQ12: NO | AR12: NO | AS12: NO | AT12: NO | AU12: NO | AV12: NO | AW12: NO | AX12: NO
A13: Karkala | B13: Nitte | C13: Hindu | D13: Kulal | E13: YES | F13: Normal | G13: Male | H13: Neonatal Death | I13: Govt. Hospital | J13: Govt. Hospital | K13: NO | L13: NO | M13: NO | N13: NO | O13: NO | P13: NO | Q13: NO | R13: NO | S13: NO | T13: NO | U13: NO | V13: NO | W13: NO | X13: NO | Y13: NO | Z13: YES | AA13: 0 | AB13: 4 | AC13: NO | AD13: 4 | AE13: YES | AF13: YES | AG13: NO | AH13: NO | AI13: NO | AJ13: NO | AK13: NO | AL13: NO | AM13: NO | AN13: NO | AO13: NO | AP13: NO | AQ13: NO | AR13: NO | AS13: NO | AT13: NO | AU13: NO | AV13: NO | AW13: NO | AX13: NO
A14: Karkala | B14: Durga | C14: Hindu | D14: SC | E14: YES | F14: Normal | G14: Female | H14: Infant Death | I14: Govt. Hospital | J14: Transit | K14: NO | L14: NO | M14: NO | N14: NO | O14: NO | P14: NO | Q14: NO | R14: NO | S14: YES | T14: NO | U14: NO | V14: NO | W14: NO | X14: NO | Y14: NO | Z14: NO | AA14: 2 | AB14: 10 | AC14: NO | AD14: 70 | AE14: NO | AF14: NO | AG14: NO | AH14: NO | AI14: NO | AJ14: NO | AK14: NO | AL14: NO | AM14: NO | AN14: NO | AO14: NO | AP14: NO | AQ14: NO | AR14: NO | AS14: NO | AT14: NO | AU14: NO | AV14: NO | AW14: YES | AX14: Acute Broncholities secondary to Hypotonic Syndrome
A15: Karkala | B15: Hirgana | C15: Hindu | D15: Nayak | E15: NO | F15: Normal | G15: Male | H15: Infant Death | I15: Pvt. Medical College | J15: Pvt. Medical College | K15: NO | L15: NO | M15: NO | N15: NO | O15: NO | P15: NO | Q15: NO | R15: NO | S15: NO | T15: NO | U15: NO | V15: NO | W15: NO | X15: NO | Y15: NO | Z15: NO | AA15: 1 | AB15: 12 | AC15: NO | AD15: 42 | AE15: NO | AF15: NO | AG15: NO | AH15: NO | AI15: NO | AJ15: NO | AK15: NO | AL15: NO | AM15: NO | AN15: NO | AO15: YES | AP15: YES | AQ15: NO | AR15: NO | AS15: NO | AT15: NO | AU15: NO | AV15: NO | AW15: YES | AX15: Duodenal Obstruction status post exploratory Laparotomy with Ladds procedure with DuodeNOstomy downs syndrome
A16: Karkala | B16: Nitte | C16: Hindu | D16: Kulal | E16: YES | F16: Normal | G16: Male | H16: Neonatal Death | I16: Govt. Hospital | J16: Govt. Hospital | K16: NO | L16: NO | M16: NO | N16: NO | O16: NO | P16: NO | Q16: YES | R16: NO | S16: NO | T16: NO | U16: NO | V16: NO | W16: NO | X16: NO | Y16: NO | Z16: YES | AA16: 0 | AB16: 11 | AC16: NO | AD16: 11 | AE16: YES | AF16: YES | AG16: NO | AH16: NO | AI16: NO | AJ16: NO | AK16: NO | AL16: NO | AM16: NO | AN16: NO | AO16: NO | AP16: NO | AQ16: NO | AR16: NO | AS16: NO | AT16: NO | AU16: NO | AV16: NO | AW16: NO | AX16: NO
A17: Karkala | B17: Nitte | C17: Hindu | D17: SC | E17: NO | F17: LSCS | G17: Male | H17: Neonatal Death | I17: Govt. Hospital | J17: Govt. Hospital | K17: YES | L17: NO | M17: NO | N17: NO | O17: NO | P17: NO | Q17: NO | R17: NO | S17: NO | T17: NO | U17: NO | V17: NO | W17: NO | X17: NO | Y17: NO | Z17: NO | AA17: 0 | AB17: 10 | AC17: NO | AD17: 10 | AE17: YES | AF17: NO | AG17: NO | AH17: NO | AI17: NO | AJ17: NO | AK17: NO | AL17: NO | AM17: NO | AN17: NO | AO17: YES | AP17: NO | AQ17: YES | AR17: NO | AS17: NO | AT17: NO | AU17: NO | AV17: NO | AW17: NO | AX17: NO
A18: Karkala | B18: Donderangadi | C18: Hindu | D18: Acharya | E18: NO | F18: LSCS | G18: Female | H18: Neonatal Death | I18: Govt. Hospital | J18: Govt. Hospital | K18: NO | L18: NO | M18: NO | N18: NO | O18: NO | P18: NO | Q18: NO | R18: NO | S18: NO | T18: NO | U18: NO | V18: NO | W18: NO | X18: NO | Y18: NO | Z18: NO | AA18: 0 | AB18: 4 | AC18: NO | AD18: 4 | AE18: YES | AF18: YES | AG18: NO | AH18: NO | AI18: NO | AJ18: NO | AK18: NO | AL18: NO | AM18: NO | AN18: NO | AO18: NO | AP18: NO | AQ18: NO | AR18: NO | AS18: NO | AT18: NO | AU18: NO | AV18: NO | AW18: NO | AX18: NO
A19: Karkala | B19: Inna | C19: Hindu | D19: Poojary | E19: YES | F19: LSCS | G19: Female | H19: Infant Death | I19: Pvt. Medical College | J19: Pvt. Medical College | K19: NO | L19: NO | M19: NO | N19: NO | O19: NO | P19: NO | Q19: NO | R19: NO | S19: NO | T19: NO | U19: NO | V19: NO | W19: NO | X19: NO | Y19: NO | Z19: YES | AA19: 4 | AB19: 0 | AC19: NO | AD19: 120 | AE19: YES | AF19: YES | AG19: NO | AH19: NO | AI19: NO | AJ19: NO | AK19: NO | AL19: NO | AM19: NO | AN19: NO | AO19: NO | AP19: NO | AQ19: NO | AR19: NO | AS19: NO | AT19: NO | AU19: NO | AV19: NO | AW19: NO | AX19: NO
A20: Karkala | B20: Palli | C20: Hindu | D20: SC | E20: NO | F20: LSCS | G20: Female | H20: Neonatal Death | I20: Govt. Hospital | J20: Govt. Hospital | K20: NO | L20: NO | M20: NO | N20: NO | O20: NO | P20: NO | Q20: NO | R20: NO | S20: NO | T20: NO | U20: NO | V20: NO | W20: NO | X20: NO | Y20: NO | Z20: NO | AA20: 0 | AB20: 4 | AC20: NO | AD20: 4 | AE20: YES | AF20: NO | AG20: NO | AH20: YES | AI20: NO | AJ20: NO | AK20: NO | AL20: NO | AM20: NO | AN20: NO | AO20: NO | AP20: NO | AQ20: NO | AR20: NO | AS20: NO | AT20: NO | AU20: NO | AV20: NO | AW20: NO | AX20: NO
A21: Karkala | B21: Palli | C21: Hindu | D21: Hindu | E21: NO | F21: LSCS | G21: Male | H21: Infant Death | I21: MCH Udupi | J21: Transit | K21: YES | L21: NO | M21: NO | N21: NO | O21: YES | P21: NO | Q21: NO | R21: NO | S21: NO | T21: NO | U21: NO | V21: NO | W21: NO | X21: NO | Y21: NO | Z21: NO | AA21: 2 | AB21: 28 | AC21: NO | AD21: 88 | AE21: NO | AF21: NO | AG21: NO | AH21: NO | AI21: NO | AJ21: NO | AK21: NO | AL21: NO | AM21: NO | AN21: NO | AO21: NO | AP21: NO | AQ21: NO | AR21: NO | AS21: NO | AT21: YES | AU21: NO | AV21: NO | AW21: NO | AX21: NO
... A23: Karkala | B23: Mala | C23: Hindu | D23: Hindu | E23: NO | F23: Normal | G23: Male | H23: Neonatal Death | I23: Puttur, City Hospital | J23: FMH Mangalore | K23: NO | L23: NO | M23: NO | N23: NO | O23: NO | P23: NO | Q23: YES | R23: NO | S23: NO | T23: NO | U23: NO | V23: NO | W23: NO | X23: NO | Y23: NO | Z23: NO | AA23: 0 | AB23: 2 | AC23: NO | AD23: 2 | AE23: YES | AF23: YES | AG23: NO | AH23: NO | AI23: NO | AJ23: NO | AK23: NO | AL23: NO | AM23: NO | AN23: NO | AO23: NO | AP23: NO | AQ23: NO | AR23: NO | AS23: NO | AT23: NO | AU23: NO | AV23: NO | AW23: NO | AX23: NO
L35: Mother's Health complications | AE35: Child health complications
A36: Taluk | B36: PHC | C36: Religion | D36: Community | E36: High Risk (Yes / No) | F36: Delivery Type (LSCS / Norma) | G36: Gender | H36: Death category | I36: Place of Birth | J36: Place of Death | K36: Preventable (Yes / No) | L36: Diabetes mellitus | M36: RH '- ve' | N36: Elderly Primi | O36: Hypertensive Diorders | P36: Mild | Q36: Morderate | R36: Sevre Aneamia | S36: BMI < 18 | T36: Previous LSCS | U36: Heigh <145 cms | V36: Multi Gravida | W36: Previous Abortion | X36: Tyroid Disease | Y36: Psychiatric Illness | Z36: Twins / Triplets etc | AA36: Months | AB36: Days | AC36: Hours | AD36: Total days | AE36: LBW | AF36: Extreme preterm (<28 weeks) | AG36: Early Premature (28-31 weeks) | AH36: Morderate Premature (<32-33 weeks) | AI36: Late Pre-term (34-36 weeks) | AJ36: Aspitartion Pneumonia | AK36: Broncho Pneumonia | AL36: Congenitall Pneumonia | AM36: Cardiac Anomoly | AN36: CHD | AO36: Sepsis | AP36: Respiratory Distress | AQ36: Pulmonary Hypertension | AR36: Neonatal Asphyxia | AS36: Meconium Aspiration Syndrome | AT36: Milk Aspiration | AU36: SIDS | AV36: Twins / Multiple etc | AW36: Others | AX36: Reason for Others / Others
A37: Kundapura | B37: Byndoor | C37: Hindu | D37: Kharvi | E37: YES | F37: LSCS | G37: Female | H37: Neonatal Death | I37: Pvt. Medical College | J37: Pvt. Medical College | K37: NO | L37: NO | M37: NO | N37: NO | O37: NO | P37: NO | Q37: NO | R37: NO | S37: NO | T37: YES | U37: NO | V37: NO | W37: NO | X37: NO | Y37: NO | Z37: NO | AA37: 0 | AB37: 13 | AC37: NO | AD37: 13 | AE37: YES | AF37: NO | AG37: NO | AH37: YES | AI37: NO | AJ37: NO | AK37: NO | AL37: NO | AM37: NO | AN37: NO | AO37: NO | AP37: NO | AQ37: NO | AR37: NO | AS37: NO | AT37: NO | AU37: NO | AV37: NO | AW37: NO | AX37: NO
A38: Kundapura | B38: Korgi | C38: Hindu | D38: others | E38: YES | F38: Normal | G38: Female | H38: Infant Death | I38: Govt. Hospital | J38: Home | K38: YES | L38: NO | M38: YES | N38: NO | O38: NO | P38: NO | Q38: NO | R38: NO | S38: NO | T38: NO | U38: NO | V38: NO | W38: NO | X38: NO | Y38: NO | Z38: NO | AA38: 2 | AB38: 8 | AC38: NO | AD38: 68 | AE38: NO | AF38: NO | AG38: NO | AH38: NO | AI38: NO | AJ38: NO | AK38: NO | AL38: NO | AM38: NO | AN38: NO | AO38: NO | AP38: NO | AQ38: NO | AR38: NO | AS38: NO | AT38: NO | AU38: YES | AV38: NO | AW38: NO | AX38: NO
A39: Kundapura | B39: Byndoor | C39: Hindu | D39: Kharvi | E39: YES | F39: LSCS | G39: Male | H39: Neonatal Death | I39: Govt. Hospital | J39: Govt. Hospital | K39: NO | L39: NO | M39: NO | N39: NO | O39: NO | P39: NO | Q39: NO | R39: NO | S39: NO | T39: NO | U39: NO | V39: NO | W39: NO | X39: YES | Y39: NO | Z39: NO | AA39: 0 | AB39: 8 | AC39: NO | AD39: 8 | AE39: YES | AF39: YES | AG39: NO | AH39: NO | AI39: NO | AJ39: NO | AK39: NO | AL39: NO | AM39: NO | AN39: NO | AO39: YES | AP39: NO | AQ39: NO | AR39: NO | AS39: NO | AT39: NO | AU39: NO | AV39: NO | AW39: NO | AX39: NO
A40: Kundapura | B40: Shiroor | C40: Hindu | D40: Kharvi | E40: NO | F40: LSCS | G40: Male | H40: Neonatal Death | I40: Pvt. Medical College | J40: Home | K40: NO | L40: NO | M40: NO | N40: NO | O40: NO | P40: NO | Q40: NO | R40: NO | S40: NO | T40: NO | U40: NO | V40: NO | W40: NO | X40: NO | Y40: NO | Z40: NO | AA40: 0 | AB40: 3 | AC40: NO | AD40: 3 | AE40: NO | AF40: NO | AG40: NO | AH40: YES | AI40: NO | AJ40: NO | AK40: NO | AL40: NO | AM40: NO | AN40: NO | AO40: NO | AP40: NO | AQ40: NO | AR40: NO | AS40: NO | AT40: NO | AU40: NO | AV40: NO | AW40: NO | AX40: NO
A41: Kundapura | B41: Kirimanjeshwara | C41: Hindu | D41: Achary | E41: YES | F41: LSCS | G41: Male | H41: Neonatal Death | I41: Pvt. Medical College | J41: Pvt. Medical College | K41: NO | L41: NO | M41: NO | N41: NO | O41: NO | P41: NO | Q41: YES | R41: NO | S41: NO | T41: YES | U41: NO | V41: NO | W41: NO | X41: NO | Y41: NO | Z41: NO | AA41: 0 | AB41: 9 | AC41: NO | AD41: 9 | AE41: YES | AF41: YES | AG41: NO | AH41: NO | AI41: NO | AJ41: NO | AK41: NO | AL41: NO | AM41: NO | AN41: NO | AO41: NO | AP41: YES | AQ41: NO | AR41: NO | AS41: NO | AT41: NO | AU41: NO | AV41: NO | AW41: NO | AX41: NO
A42: Kundapura | B42: Maravanthe | C42: Hindu | D42: Mogaveera | E42: YES | F42: LSCS | G42: Female | H42: Infant Death | I42: Pvt. Hospital | J42: Home | K42: YES | L42: NO | M42: NO | N42: YES | O42: NO | P42: NO | Q42: NO | R42: NO | S42: NO | T42: NO | U42: NO | V42: NO | W42: NO | X42: NO | Y42: NO | Z42: NO | AA42: 1 | AB42: 14 | AC42: NO | AD42: 44 | AE42: NO | AF42: NO | AG42: NO | AH42: NO | AI42: NO | AJ42: NO | AK42: NO | AL42: NO | AM42: NO | AN42: NO | AO42: NO | AP42: NO | AQ42: NO | AR42: NO | AS42: NO | AT42: YES | AU42: YES | AV42: NO | AW42: YES | AX42: PM Reports confirmed
A43: Kundapura | B43: Siddapura | C43: Hindu | D43: Poojary | E43: NO | F43: Normal | G43: Female | H43: Neonatal Death | I43: Govt. Hospital | J43: Govt. Hospital | K43: NO | L43: NO | M43: NO | N43: NO | O43: NO | P43: NO | Q43: NO | R43: NO | S43: NO | T43: NO | U43: NO | V43: NO | W43: NO | X43: NO | Y43: NO | Z43: NO | AA43: 0 | AB43: 2 | AC43: NO | AD43: 2 | AE43: YES | AF43: YES | AG43: NO | AH43: NO | AI43: NO | AJ43: NO | AK43: NO | AL43: NO | AM43: NO | AN43: NO | AO43: NO | AP43: NO | AQ43: NO | AR43: NO | AS43: NO | AT43: NO | AU43: NO | AV43: NO | AW43: NO | AX43: NO
A44: Kundapura | B44: Byndoor | C44: Hindu | D44: Devadiga | E44: NO | F44: LSCS | G44: Female | H44: Infant Death | I44: Pvt. Hospital | J44: Home | K44: NO | L44: NO | M44: NO | N44: NO | O44: NO | P44: NO | Q44: NO | R44: NO | S44: NO | T44: NO | U44: NO | V44: NO | W44: NO | X44: NO | Y44: NO | Z44: NO | AA44: 6 | AB44: 0 | AC44: NO | AD44: 180 | AE44: NO | AF44: NO | AG44: NO | AH44: NO | AI44: NO | AJ44: NO | AK44: NO | AL44: NO | AM44: NO | AN44: NO | AO44: NO | AP44: NO | AQ44: NO | AR44: NO | AS44: NO | AT44: NO | AU44: NO | AV44: NO | AW44: YES | AX44: Aspiration Pnuemonia in Floppy Infant
A45: Kundapura | B45: Maravanthe | C45: Muslim | D45: Muslim | E45: YES | F45: LSCS | G45: Female | H45: Neonatal Death | I45: Pvt. Medical College | J45: Pvt. Medical College | K45: NO | L45: NO | M45: NO | N45: NO | O45: NO | P45: NO | Q45: NO | R45: NO | S45: NO | T45: YES | U45: NO | V45: NO | W45: NO | X45: NO | Y45: NO | Z45: NO | AA45: 0 | AB45: 25 | AC45: NO | AD45: 25 | AE45: YES | AF45: YES | AG45: NO | AH45: NO | AI45: NO | AJ45: NO | AK45: NO | AL45: NO | AM45: NO | AN45: NO | AO45: NO | AP45: NO | AQ45: NO | AR45: NO | AS45: NO | AT45: NO | AU45: NO | AV45: NO | AW45: NO | AX45: NO
A46: Kundapura | B46: Kollur | C46: Hindu | D46: Koraga | E46: YES | F46: LSCS | G46: Female | H46: Neonatal Death | I46: Govt. Hospital | J46: Home | K46: NO | L46: NO | M46: NO | N46: NO | O46: NO | P46: NO | Q46: NO | R46: NO | S46: NO | T46: YES | U46: NO | V46: NO | W46: NO | X46: YES | Y46: NO | Z46: NO | AA46: 0 | AB46: 12 | AC46: NO | AD46: 12 | AE46: NO | AF46: NO | AG46: NO | AH46: NO | AI46: NO | AJ46: NO | AK46: NO | AL46: NO | AM46: NO | AN46: YES | AO46: NO | AP46: NO | AQ46: NO | AR46: NO | AS46: NO | AT46: NO | AU46: NO | AV46: NO | AW46: NO | AX46: NO
A47: Kundapura | B47: Kollur | C47: Hindu | D47: Gowda | E47: NO | F47: Normal | G47: Female | H47: Infant Death | I47: Pvt. Hospital | J47: Home | K47: NO | L47: NO | M47: NO | N47: NO | O47: NO | P47: NO | Q47: NO | R47: NO | S47: NO | T47: NO | U47: NO | V47: NO | W47: NO | X47: NO | Y47: NO | Z47: NO | AA47: 5 | AB47: 7 | AC47: NO | AD47: 157 | AE47: NO | AF47: NO | AG47: NO | AH47: NO | AI47: NO | AJ47: NO | AK47: NO | AL47: NO | AM47: NO | AN47: NO | AO47: NO | AP47: NO | AQ47: NO | AR47: NO | AS47: NO | AT47: NO | AU47: NO | AV47: NO | AW47: YES | AX47: Gross Hydrocephalus with Diffuse Puntate Periventricular Calcification
A48: Kundapura | B48: Shiroor | C48: Muslim | D48: Muslim | E48: YES | F48: LSCS | G48: Male | H48: Neonatal Death | I48: Pvt. Medical College | J48: Pvt. Medical College | K48: NO | L48: NO | M48: NO | N48: NO | O48: NO | P48: NO | Q48: NO | R48: NO | S48: NO | T48: NO | U48: NO | V48: YES | W48: NO | X48: NO | Y48: NO | Z48: NO | AA48: 0 | AB48: 18 | AC48: NO | AD48: 18 | AE48: YES | AF48: YES | AG48: NO | AH48: NO | AI48: NO | AJ48: NO | AK48: NO | AL48: NO | AM48: NO | AN48: NO | AO48: NO | AP48: YES | AQ48: NO | AR48: NO | AS48: NO | AT48: NO | AU48: NO | AV48: NO | AW48: NO | AX48: NO
... A61: Kundapura | B61: Bikkalkatte | C61: Hindu | D61: Kulal | E61: NO | F61: LSCS | G61: Male | H61: Infant Death | I61: KMC manipal | J61: Transit | K61: YES | L61: NO | M61: NO | N61: NO | O61: NO | P61: NO | Q61: NO | R61: NO | S61: NO | T61: NO | U61: NO | V61: NO | W61: NO | X61: NO | Y61: NO | Z61: NO | AA61: 2 | AB61: 17 | AC61: NO | AD61: 77 | AE61: NO | AF61: NO | AG61: NO | AH61: NO | AI61: NO | AJ61: NO | AK61: NO | AL61: NO | AM61: NO | AN61: NO | AO61: NO | AP61: NO | AQ61: NO | AR61: NO | AS61: NO | AT61: YES | AU61: NO | AV61: NO | AW61: NO | AX61: NO
A62: Kundapura | B62: Belve | C62: Hindu | D62: SC | E62: YES | F62: Normal | G62: female | H62: Neonatal Death | I62: LGH Mangalore | J62: LGH Mangalore | K62: NO | L62: NO | M62: NO | N62: NO | O62: NO | P62: NO | Q62: YES | R62: NO | S62: NO | T62: NO | U62: NO | V62: NO | W62: NO | X62: NO | Y62: NO | Z62: NO | AA62: 0 | AB62: 0 | AC62: 1.3 | AD62: 0 | AE62: YES | AF62: NO | AG62: NO | AH62: NO | AI62: YES | AJ62: NO | AK62: NO | AL62: NO | AM62: NO | AN62: NO | AO62: NO | AP62: NO | AQ62: NO | AR62: NO | AS62: NO | AT62: NO | AU62: NO | AV62: NO | AW62: NO | AX62: NO
A63: Kundapura | B63: Byndoor | C63: Hindu | D63: Sc | E63: NO | F63: Normal | G63: Male | H63: Infant Death | I63: GH Kundapura | J63: Sridevi Nursing Home, Kumdapura | K63: YES | L63: NO | M63: NO | N63: NO | O63: NO | P63: NO | Q63: NO | R63: NO | S63: NO | T63: NO | U63: NO | V63: NO | W63: NO | X63: NO | Y63: NO | Z63: NO | AA63: 0 | AB63: 46 | AC63: NO | AD63: 46 | AE63: NO | AF63: NO | AG63: NO | AH63: NO | AI63: NO | AJ63: NO | AK63: NO | AL63: NO | AM63: NO | AN63: NO | AO63: NO | AP63: NO | AQ63: NO | AR63: NO | AS63: NO | AT63: YES | AU63: NO | AV63: NO | AW63: NO | AX63: NO
A64: Kundapura | B64: Aloor | C64: Hindu | D64: Acharya | E64: YES | F64: LSCS | G64: Male | H64: Neonatal Death | I64: LGH Mangalore | J64: LGH Mangalore | K64: NO | L64: NO | M64: NO | N64: NO | O64: NO | P64: NO | Q64: NO | R64: NO | S64: NO | T64: NO | U64: NO | V64: NO | W64: NO | X64: NO | Y64: NO | Z64: YES | AA64: 0 | AB64: 3 | AC64: NO | AD64: 3 | AE64: YES | AF64: NO | AG64: YES | AH64: NO | AI64: NO | AJ64: NO | AK64: NO | AL64: NO | AM64: NO | AN64: NO | AO64: NO | AP64: NO | AQ64: NO | AR64: NO | AS64: NO | AT64: NO | AU64: NO | AV64: NO | AW64: NO | AX64: NO
A65: Kundapura | B65: Aloor | C65: Hindu | D65: Acharya | E65: YES | F65: LSCS | G65: Male | H65: Neonatal Death | I65: LGH Mangalore | J65: LGH Mangalore | K65: NO | L65: NO | M65: NO | N65: NO | O65: NO | P65: NO | Q65: NO | R65: NO | S65: NO | T65: NO | U65: NO | V65: NO | W65: NO | X65: NO | Y65: NO | Z65: YES | AA65: 0 | AB65: 5 | AC65: NO | AD65: 5 | AE65: YES | AF65: NO | AG65: YES | AH65: NO | AI65: NO | AJ65: NO | AK65: NO | AL65: NO | AM65: NO | AN65: NO | AO65: NO | AP65: NO | AQ65: NO | AR65: NO | AS65: NO | AT65: NO | AU65: NO | AV65: NO | AW65: NO | AX65: NO
A66: Kundapura | B66: Siddapura | C66: Hindu | D66: SC | E66: NO | F66: LSCS | G66: Female | H66: Neonatal Death | I66: LGH Mangalore | J66: LGH Mangalore | K66: NO | L66: NO | M66: NO | N66: NO | O66: NO | P66: NO | Q66: NO | R66: NO | S66: YES | T66: NO | U66: NO | V66: NO | W66: NO | X66: NO | Y66: NO | Z66: NO | AA66: 0 | AB66: 0 | AC66: 13 | AD66: 0 | AE66: YES | AF66: NO | AG66: YES | AH66: NO | AI66: NO | AJ66: NO | AK66: NO | AL66: NO | AM66: NO | AN66: NO | AO66: NO | AP66: NO | AQ66: NO | AR66: NO | AS66: NO | AT66: NO | AU66: NO | AV66: NO | AW66: YES | AX66: Potters Sequence
A67: Kundapura | B67: hallihole | C67: Hindu | D67: Madivala | E67: YES | F67: LSCS | G67: Male | H67: Infant Death | I67: GH Kundapura | J67: Transit | K67: YES | L67: NO | M67: NO | N67: NO | O67: NO | P67: NO | Q67: NO | R67: NO | S67: NO | T67: YES | U67: YES | V67: NO | W67: NO | X67: NO | Y67: NO | Z67: NO | AA67: 3 | AB67: 1 | AC67: NO | AD67: 91 | AE67: NO | AF67: NO | AG67: NO | AH67: NO | AI67: NO | AJ67: NO | AK67: NO | AL67: NO | AM67: NO | AN67: NO | AO67: NO | AP67: NO | AQ67: NO | AR67: NO | AS67: NO | AT67: NO | AU67: YES | AV67: NO | AW67: NO | AX67: NO
L72: Mother's Health Complications | AE72: Child Health Complications
A73: Taluk | B73: PHC | C73: Religion | D73: Community | E73: High Risk (Yes / No) | F73: Delivery Type (LSCS / Norma) | G73: Gender | H73: Death category | I73: Place of Birth | J73: Place of Death | K73: Preventable (Yes / No) | L73: Diabetes mellitus | M73: RH '- ve' | N73: Elderly Primi | O73: Hypertensive Diorders | P73: Mild | Q73: Morderate | R73: Sevre Aneamia | S73: BMI < 18 | T73: Previous LSCS | U73: Heigh <145 cms | V73: Multi Gravida | W73: Previous Abortion | X73: Tyroid Disease | Y73: Psychiatric Illness | Z73: Twins / Triplets etc | AA73: Months | AB73: Days | AC73: Hours | AD73: Total days | AE73: LBW | AF73: Extreme preterm (<28 weeks) | AG73: Early Premature (28-31 weeks) | AH73: Morderate Premature (<32-33 weeks) | AI73: Late Pre-term (34-36 weeks) | AJ73: Aspitartion Pneumonia | AK73: Broncho Pneumonia | AL73: Congenitall Pneumonia | AM73: Cardiac Anomoly | AN73: CHD | AO73: Sepsis | AP73: Respiratory Distress | AQ73: Pulmonary Hypertension | AR73: Neonatal Asphyxia | AS73: Meconium Aspiration Syndrome | AT73: Milk Aspiration | AU73: SIDS | AV73: Twins / Multiple etc | AW73: Others | AX73: Reason for Others / Others
A74: Udupi | B74: Kemmannu | C74: Muslim | D74: Muslim | E74: YES | F74: LSCS | G74: Male | H74: Infant Death | I74: Pvt. Medical College | J74: Pvt. Medical College | K74: NO | L74: NO | M74: NO | N74: NO | O74: YES | P74: NO | Q74: NO | R74: NO | S74: NO | T74: YES | U74: NO | V74: NO | W74: NO | X74: NO | Y74: NO | Z74: NO | AA74: 2 | AB74: 3 | AC74: NO | AD74: 63 | AE74: NO | AF74: NO | AG74: NO | AH74: NO | AI74: NO | AJ74: NO | AK74: NO | AL74: NO | AM74: NO | AN74: NO | AO74: NO | AP74: NO | AQ74: NO | AR74: NO | AS74: NO | AT74: NO | AU74: NO | AV74: NO | AW74: YES | AX74: Trisomy 2YES, VSD, Acute Failure Severe, PAH ASD 7mm
A75: Udupi | B75: Brahmavara | C75: Muslim | D75: Muslim | E75: NO | F75: Normal | G75: Male | H75: Infant Death | I75: Pvt. Hospital | J75: Pvt. Hospital | K75: NO | L75: NO | M75: NO | N75: NO | O75: NO | P75: NO | Q75: NO | R75: NO | S75: NO | T75: NO | U75: NO | V75: NO | W75: NO | X75: NO | Y75: NO | Z75: NO | AA75: 2 | AB75: 0 | AC75: NO | AD75: 60 | AE75: NO | AF75: NO | AG75: NO | AH75: NO | AI75: NO | AJ75: NO | AK75: NO | AL75: NO | AM75: NO | AN75: YES | AO75: NO | AP75: NO | AQ75: NO | AR75: NO | AS75: NO | AT75: NO | AU75: NO | AV75: NO | AW75: NO | AX75: NO
A76: Udupi | B76: Malpe | C76: Hindu | D76: Poojary | E76: NO | F76: Normal | G76: Male | H76: Neonatal Death | I76: Pvt. Hospital | J76: Pvt. Hospital | K76: YES | L76: NO | M76: NO | N76: NO | O76: NO | P76: NO | Q76: NO | R76: NO | S76: NO | T76: NO | U76: NO | V76: NO | W76: NO | X76: NO | Y76: NO | Z76: NO | AA76: 0 | AB76: 2 | AC76: NO | AD76: 2 | AE76: NO | AF76: NO | AG76: NO | AH76: NO | AI76: NO | AJ76: NO | AK76: NO | AL76: NO | AM76: NO | AN76: NO | AO76: YES | AP76: NO | AQ76: NO | AR76: NO | AS76: NO | AT76: NO | AU76: NO | AV76: NO | AW76: YES | AX76: Early Neonatal Sepsis, Septic shock, multiorgan dysfunction Meningitis
A77: Udupi | B77: Malpe | C77: Hindu | D77: Poojary | E77: NO | F77: Normal | G77: Female | H77: Neonatal Death | I77: Pvt. Medical College | J77: Pvt. Medical College | K77: NO | L77: NO | M77: NO | N77: NO | O77: NO | P77: NO | Q77: NO | R77: NO | S77: NO | T77: NO | U77: NO | V77: NO | W77: NO | X77: NO | Y77: NO | Z77: NO | AA77: 0 | AB77: 4 | AC77: NO | AD77: 4 | AE77: YES | AF77: YES | AG77: NO | AH77: NO | AI77: NO | AJ77: NO | AK77: NO | AL77: NO | AM77: NO | AN77: NO | AO77: NO | AP77: YES | AQ77: NO | AR77: NO | AS77: NO | AT77: NO | AU77: NO | AV77: NO | AW77: YES | AX77: Birth weight 78NO gms
A78: Udupi | B78: Brahmavara | C78: Hindu | D78: SC | E78: YES | F78: LSCS | G78: Female | H78: Neonatal Death | I78: Pvt. Hospital | J78: Pvt. Medical College | K78: YES | L78: YES | M78: NO | N78: NO | O78: NO | P78: NO | Q78: NO | R78: NO | S78: NO | T78: NO | U78: NO | V78: NO | W78: NO | X78: NO | Y78: NO | Z78: NO | AA78: 0 | AB78: 0 | AC78: 4 | AD78: 0 | AE78: NO | AF78: NO | AG78: NO | AH78: NO | AI78: NO | AJ78: NO | AK78: NO | AL78: NO | AM78: NO | AN78: NO | AO78: NO | AP78: NO | AQ78: NO | AR78: YES | AS78: YES | AT78: NO | AU78: NO | AV78: NO | AW78: YES | AX78: severe persistant pulmonary hypertension
A79: Udupi | B79: Kokkarne | C79: Hindu | D79: Kudubi | E79: NO | F79: Normal | G79: Female | H79: Neonatal Death | I79: Govt. Hospital | J79: Pvt. Medical College | K79: NO | L79: NO | M79: NO | N79: NO | O79: NO | P79: NO | Q79: NO | R79: NO | S79: NO | T79: NO | U79: NO | V79: NO | W79: NO | X79: NO | Y79: NO | Z79: NO | AA79: 0 | AB79: 14 | AC79: NO | AD79: 14 | AE79: NO | AF79: NO | AG79: NO | AH79: NO | AI79: NO | AJ79: NO | AK79: NO | AL79: NO | AM79: NO | AN79: NO | AO79: NO | AP79: NO | AQ79: YES | AR79: NO | AS79: NO | AT79: NO | AU79: NO | AV79: NO | AW79: YES | AX79: Thyosinemia
A80: Udupi | B80: Manipura | C80: Muslim | D80: Muslim | E80: YES | F80: Normal | G80: Female | H80: Neonatal Death | I80: Pvt. Hospital | J80: Govt. Hospital | K80: NO | L80: NO | M80: NO | N80: NO | O80: NO | P80: NO | Q80: NO | R80: NO | S80: NO | T80: YES | U80: NO | V80: YES | W80: NO | X80: NO | Y80: NO | Z80: NO | AA80: 0 | AB80: 9 | AC80: NO | AD80: 9 | AE80: YES | AF80: YES | AG80: NO | AH80: NO | AI80: NO | AJ80: NO | AK80: NO | AL80: NO | AM80: NO | AN80: NO | AO80: NO | AP80: NO | AQ80: NO | AR80: NO | AS80: NO | AT80: NO | AU80: NO | AV80: NO | AW80: NO | AX80: NO
A81: Udupi | B81: Barkur | C81: Hindu | D81: Devadiga | E81: YES | F81: Normal | G81: Male | H81: Neonatal Death | I81: Govt. Hospital | J81: Govt. Hospital | K81: YES | L81: NO | M81: NO | N81: YES | O81: NO | P81: NO | Q81: NO | R81: NO | S81: NO | T81: NO | U81: NO | V81: NO | W81: NO | X81: NO | Y81: NO | Z81: NO | AA81: 0 | AB81: 3 | AC81: NO | AD81: 3 | AE81: YES | AF81: NO | AG81: YES | AH81: NO | AI81: NO | AJ81: NO | AK81: NO | AL81: NO | AM81: NO | AN81: NO | AO81: YES | AP81: NO | AQ81: NO | AR81: NO | AS81: NO | AT81: NO | AU81: NO | AV81: NO | AW81: NO | AX81: NO
A82: Udupi | B82: Kukkehalli | C82: Hindu | D82: Kulal | E82: NO | F82: Normal | G82: Female | H82: Infant Death | I82: Govt. Hospital | J82: Pvt. Hospital | K82: YES | L82: NO | M82: NO | N82: NO | O82: NO | P82: NO | Q82: NO | R82: NO | S82: NO | T82: NO | U82: NO | V82: NO | W82: NO | X82: NO | Y82: NO | Z82: NO | AA82: 2 | AB82: 8 | AC82: NO | AD82: 68 | AE82: NO | AF82: NO | AG82: NO | AH82: NO | AI82: NO | AJ82: YES | AK82: NO | AL82: NO | AM82: NO | AN82: NO | AO82: NO | AP82: NO | AQ82: NO | AR82: NO | AS82: NO | AT82: NO | AU82: NO | AV82: NO | AW82: NO | AX82: NO
A83: Udupi | B83: Malpe | C83: Hindu | D83: Nepalian | E83: NO | F83: LSCS | G83: Male | H83: Neonatal Death | I83: Pvt. Hospital | J83: Pvt. Hospital | K83: YES | L83: NO | M83: NO | N83: NO | O83: NO | P83: NO | Q83: NO | R83: NO | S83: NO | T83: NO | U83: NO | V83: NO | W83: NO | X83: NO | Y83: NO | Z83: NO | AA83: 0 | AB83: 2 | AC83: NO | AD83: 2 | AE83: NO | AF83: NO | AG83: NO | AH83: NO | AI83: NO | AJ83: NO | AK83: NO | AL83: YES | AM83: NO | AN83: NO | AO83: NO | AP83: NO | AQ83: NO | AR83: NO | AS83: NO | AT83: NO | AU83: NO | AV83: NO | AW83: NO | AX83: NO
A84: Udupi | B84: Hiriadka | C84: Hindu | D84: ST(Marati) | E84: YES | F84: LSCS | G84: Female | H84: Infant Death | I84: Pvt. Medical College | J84: Pvt. Medical College | K84: NO | L84: NO | M84: NO | N84: NO | O84: NO | P84: NO | Q84: NO | R84: NO | S84: NO | T84: NO | U84: NO | V84: NO | W84: NO | X84: NO | Y84: NO | Z84: YES | AA84: 6 | AB84: 0 | AC84: NO | AD84: 180 | AE84: NO | AF84: NO | AG84: NO | AH84: NO | AI84: NO | AJ84: NO | AK84: NO | AL84: NO | AM84: NO | AN84: NO | AO84: NO | AP84: NO | AQ84: NO | AR84: NO | AS84: NO | AT84: NO | AU84: NO | AV84: NO | AW84: YES | AX84: Resistant Hypoglycemia, respiratory failure pulmonary Haemorrhage Bronchopneumonia with respiratory failure, sepsis Large VSD with Hyperkinetic PAH &PDA in congestive cardiac.
A85: Udupi | B85: Sastana | C85: Hindu | D85: Poojary | E85: NO | F85: Normal | G85: Male | H85: Infant Death | I85: Pvt. Medical College | J85: Pvt. Medical College | K85: YES | L85: NO | M85: NO | N85: NO | O85: NO | P85: NO | Q85: NO | R85: NO | S85: NO | T85: NO | U85: NO | V85: NO | W85: NO | X85: NO | Y85: NO | Z85: NO | AA85: 3 | AB85: 10 | AC85: NO | AD85: 100 | AE85: NO | AF85: NO | AG85: NO | AH85: NO | AI85: NO | AJ85: NO | AK85: YES | AL85: NO | AM85: NO | AN85: NO | AO85: YES | AP85: YES | AQ85: NO | AR85: NO | AS85: NO | AT85: NO | AU85: NO | AV85: NO | AW85: NO | AX85: NO
A86: Udupi | B86: Mudarangadi | C86: Hindu | D86: Poojary | E86: NO | F86: LSCS | G86: Female | H86: Neonatal Death | I86: Govt. Hospital | J86: Govt. Hospital | K86: NO | L86: NO | M86: NO | N86: NO | O86: NO | P86: NO | Q86: NO | R86: NO | S86: NO | T86: NO | U86: NO | V86: NO | W86: NO | X86: NO | Y86: NO | Z86: NO | AA86: 0 | AB86: 3 | AC86: NO | AD86: 3 | AE86: YES | AF86: YES | AG86: NO | AH86: NO | AI86: NO | AJ86: NO | AK86: NO | AL86: NO | AM86: NO | AN86: NO | AO86: NO | AP86: NO | AQ86: NO | AR86: NO | AS86: NO | AT86: NO | AU86: NO | AV86: NO | AW86: NO | AX86: NO
A87: Udupi | B87: Brahmavara | C87: Muslim | D87: Muslim | E87: NO | F87: Normal | G87: Male | H87: Infant Death | I87: Pvt. Medical College | J87: Pvt. Medical College | K87: NO | L87: NO | M87: NO | N87: NO | O87: NO | P87: NO | Q87: NO | R87: NO | S87: NO | T87: NO | U87: NO | V87: NO | W87: NO | X87: NO | Y87: NO | Z87: NO | AA87: 2 | AB87: 15 | AC87: NO | AD87: 75 | AE87: NO | AF87: NO | AG87: NO | AH87: NO | AI87: NO | AJ87: NO | AK87: YES | AL87: NO | AM87: NO | AN87: YES | AO87: NO | AP87: YES | AQ87: NO | AR87: NO | AS87: NO | AT87: NO | AU87: NO | AV87: NO | AW87: NO | AX87: NO
A88: Udupi | B88: Kaup | C88: Muslim | D88: Muslim | E88: YES | F88: LSCS | G88: Male | H88: Infant Death | I88: Pvt. Medical College | J88: Transit | K88: YES | L88: NO | M88: NO | N88: NO | O88: NO | P88: NO | Q88: NO | R88: NO | S88: NO | T88: NO | U88: NO | V88: NO | W88: NO | X88: NO | Y88: NO | Z88: YES | AA88: 1 | AB88: 19 | AC88: NO | AD88: 49 | AE88: NO | AF88: NO | AG88: NO | AH88: NO | AI88: YES | AJ88: NO | AK88: NO | AL88: NO | AM88: NO | AN88: NO | AO88: NO | AP88: NO | AQ88: NO | AR88: NO | AS88: NO | AT88: YES | AU88: YES | AV88: NO | AW88: NO | AX88: NO
A89: Udupi | B89: Shirva | C89: Hindu | D89: Acharya | E89: YES | F89: Normal | G89: Male | H89: Infant Death | I89: Pvt. Medical College | J89: Pvt. Medical College | K89: NO | L89: NO | M89: NO | N89: NO | O89: NO | P89: NO | Q89: NO | R89: NO | S89: NO | T89: NO | U89: NO | V89: NO | W89: YES | X89: NO | Y89: NO | Z89: NO | AA89: 5 | AB89: 15 | AC89: NO | AD89: 165 | AE89: NO | AF89: NO | AG89: NO | AH89: NO | AI89: NO | AJ89: NO | AK89: NO | AL89: NO | AM89: NO | AN89: NO | AO89: YES | AP89: NO | AQ89: NO | AR89: NO | AS89: NO | AT89: NO | AU89: NO | AV89: NO | AW89: YES | AX89: Hepatic Encepalopathy with acute Liver Failure with severe, metabolic acidosis Klebsiella pnuemonia postive sepsis with multi organ dysfunction failure to thrive with sescepted Glycogen storage disorder
A90: Udupi | B90: Padubidri | C90: Muslim | D90: Muslim | E90: YES | F90: Normal | G90: Female | H90: Infant Death | I90: Pvt. Medical College | J90: Home | K90: YES | L90: NO | M90: NO | N90: NO | O90: NO | P90: NO | Q90: NO | R90: NO | S90: NO | T90: NO | U90: NO | V90: YES | W90: NO | X90: NO | Y90: NO | Z90: NO | AA90: 3 | AB90: 21 | AC90: NO | AD90: 111 | AE90: NO | AF90: NO | AG90: NO | AH90: NO | AI90: NO | AJ90: NO | AK90: NO | AL90: NO | AM90: NO | AN90: NO | AO90: NO | AP90: NO | AQ90: NO | AR90: NO | AS90: NO | AT90: YES | AU90: YES | AV90: NO | AW90: NO | AX90: NO
... A96: Udupi | B96: Sachar | C96: Muslim | D96: Muslim | E96: YES | F96: LSCS | G96: Male | H96: Neonatal Death | I96: Unity Hospital, Mangalore | J96: Unity Hospital, Mangalore | K96: NO | L96: NO | M96: NO | N96: NO | O96: NO | P96: NO | Q96: NO | R96: NO | S96: NO | T96: NO | U96: NO | V96: NO | W96: NO | X96: NO | Y96: NO | Z96: NO | AA96: 0 | AB96: 1 | AC96: NO | AD96: 1 | AE96: NO | AF96: NO | AG96: NO | AH96: NO | AI96: NO | AJ96: NO | AK96: NO | AL96: NO | AM96: NO | AN96: NO | AO96: NO | AP96: NO | AQ96: NO | AR96: NO | AS96: NO | AT96: NO | AU96: NO | AV96: NO | AW96: YES | AX96: congenital diaphragmatic Hernia with pulmonary hypoplasia

Sheet karkal_pivot
A3: Count of Delivery Type (LSCS / Norma) | B3: Column Labels
A4: Row Labels | B4: LSCS | C4: Normal | D4: Grand Total
A5: Without High Risk Pregnancy | B5: 6 | C5: 2 | D5: 8
A6: With High Risk Pregnancy | B6: 6 | C6: 5 | D6: 11
A7: Grand Total | B7: 12 | C7: 7 | D7: 19
A11: Count of Death category | B11: Column Labels
A12: Row Labels | B12: Infant Death | C12: Neonatal Death | D12: Grand Total
A13: LSCS | B13: 4 | C13: 8 | D13: 12
A14: Normal | B14: 2 | C14: 5 | D14: 7
A15: Grand Total | B15: 6 | C15: 13 | D15: 19
A19: Count of Death category | B19: Column Labels
A20: Row Labels | B20: Female | C20: Male | D20: Grand Total
A21: Infant Death | B21: 3 | C21: 3 | D21: 6
A22: Neonatal Death | B22: 8 | C22: 5 | D22: 13
A23: Grand Total | B23: 11 | C23: 8 | D23: 19
A27: Count of Death category | B27: Column Labels
A28: Row Labels | B28: Infant Death | C28: Neonatal Death | D28: Grand Total
A29: Non-Preventable | B29: 4 | C29: 11 | D29: 15
A30: Preventable | B30: 2 | C30: 2 | D30: 4
A31: Grand Total | B31: 6 | C31: 13 | D31: 19
A36: Count of Death category | B36: Column Labels
A37: Row Labels | B37: Infant Death | C37: Neonatal Death | D37: Grand Total
A38: Without High Risk Pregnancy | B38: 4 | C38: 4 | D38: 8
A39: With High Risk Pregnancy | B39: 2 | C39: 9 | D39: 11
A40: Grand Total | B40: 6 | C40: 13 | D40: 19
A44: Count of Death category | B44: Column Labels
A45: Row Labels | B45: Infant Death | C45: Neonatal Death | D45: Grand Total
A46: Without hypertensive Disorder | B46: 5 | C46: 13 | D46: 18
A47: With Hypertensive Disorder | B47: 1 | D47: 1
A48: Grand Total | B48: 6 | C48: 13 | D48: 19
A50: PREMATURE DEATH RECORDS
A52: Count of LBW | B52: Column Labels
A53: Row Labels | B53: Infant Death | C53: Neonatal Death | D53: Grand Total
A54: LBW: NO | B54: 5 | C54: 2 | D54: 7
A55: LBW: YES | B55: 1 | C55: 11 | D55: 12
A56: Grand Total | B56: 6 | C56: 13 | D56: 19
A58: Count of Extreme preterm (<28 weeks) | B58: Column Labels
A59: Row Labels | B59: Infant Death | C59: Neonatal Death | D59: Grand Total
A60: Extreme preterm (<28 weeks) : NO | B60: 5 | C60: 8 | D60: 13
A61: Extreme preterm (<28 weeks): YES | B61: 1 | C61: 5 | D61: 6
A62: Grand Total | B62: 6 | C62: 13 | D62: 19
A64: Count of Early Premature (28-31 weeks) | B64: Column Labels
A65: Row Labels | B65: Infant Death | C65: Neonatal Death | D65: Grand Total
A66: Early Premature (28-31 weeks): NO | B66: 6 | C66: 12 | D66: 18
A67: Early Premature (28-31 weeks): YES | C67: 1 | D67: 1
A68: Grand Total | B68: 6 | C68: 13 | D68: 19
A70: Count of Morderate Premature (<32-33 weeks) | B70: Column Labels
A71: Row Labels | B71: Infant Death | C71: Neonatal Death | D71: Grand Total
A72: Morderate Premature (<32-33 weeks): NO | B72: 6 | C72: 11 | D72: 17
A73: Morderate Premature (<32-33 weeks): YES | C73: 2 | D73: 2
A74: Grand Total | B74: 6 | C74: 13 | D74: 19
A76: Count of Late Pre-term (34-36 weeks) | B76: Column Labels
A77: Row Labels | B77: Infant Death | C77: Neonatal Death | D77: Grand Total
A78: Late Pre-term (34-36 weeks): NO | B78: 6 | C78: 13 | D78: 19
A79: Grand Total | B79: 6 | C79: 13 | D79: 19
A84: Grand total Values
B86: Column Labels
B87: NO | C87: YES | D87: Grand Total | F87: YES
A88: High Risk | B88: 8 | C88: 11 | D88: 19 | F88: =IFERROR(GETPIVOTDATA("High Risk (Yes / No)",$A$86,"High Risk (Yes / No)","YES"),0) -> 11
B92: Column Labels
B93: NO | C93: YES | D93: Grand Total | F93: YES | G93: NO
A94: Count of Preventable (Yes / No) | B94: 15 | C94: 4 | D94: 19 | F94: =IFERROR(GETPIVOTDATA("Preventable (Yes / No)",$A$92,"Preventable (Yes / No)","YES"),0) -> 4 | G94: =IFERROR(GETPIVOTDATA("Preventable (Yes / No)",$A$92,"Preventable (Yes / No)","NO"),0) -> 15
B98: Column Labels
B99: LSCS | C99: Normal | D99: Grand Total | F99: LSCS | G99: Normal
A100: Count of Delivery Type (LSCS / Norma) | B100: 12 | C100: 7 | D100: 19 | F100: =IFERROR(GETPIVOTDATA("Delivery Type (LSCS / Norma)",$A$98,"Delivery Type (LSCS / Norma)","LSCS"),0) -> 12 | G100: =IFERROR(GETPIVOTDATA("Delivery Type (LSCS / Norma)",$A$98,"Delivery Type (LSCS / Norma)","Normal"),0) -> 7
B104: Column Labels
B105: Infant Death | C105: Neonatal Death | D105: Grand Total | F105: Infant death | G105: Neonatal Death
A106: Count of Death category | B106: 6 | C106: 13 | D106: 19 | F106: =IFERROR(GETPIVOTDATA("Death category",$A$104,"Death category","Infant Death"),0) -> 6 | G106: =IFERROR(GETPIVOTDATA("Death category",$A$104,"Death category","Neonatal Death"),0) -> 13

Sheet Kundapura_pivot
A2: Count of Delivery Type (LSCS / Norma) | B2: Column Labels
A3: Row Labels | B3: LSCS | C3: Normal | D3: Grand Total
A4: Without High Risk pregnancy | B4: 6 | C4: 3 | D4: 9
A5: With Hig Risk Pregnancy | B5: 17 | C5: 5 | D5: 22
A6: Grand Total | B6: 23 | C6: 8 | D6: 31
A9: Count of Death category | B9: Column Labels
A10: Row Labels | B10: Infant Death | C10: Neonatal Death | D10: Grand Total
A11: LSCS | B11: 7 | C11: 16 | D11: 23
A12: Normal | B12: 5 | C12: 3 | D12: 8
A13: Grand Total | B13: 12 | C13: 19 | D13: 31
A16: Count of Death category | B16: Column Labels
A17: Row Labels | B17: Female | C17: Male | D17: Grand Total
A18: Infant Death | B18: 5 | C18: 7 | D18: 12
A19: Neonatal Death | B19: 9 | C19: 10 | D19: 19
A20: Grand Total | B20: 14 | C20: 17 | D20: 31
A23: Count of Death category | B23: Column Labels
A24: Row Labels | B24: Infant Death | C24: Neonatal Death | D24: Grand Total
A25: Non-Preventable | B25: 5 | C25: 18 | D25: 23
A26: Preventable | B26: 7 | C26: 1 | D26: 8
A27: Grand Total | B27: 12 | C27: 19 | D27: 31
A30: Count of Death category | B30: Column Labels
A31: Row Labels | B31: Infant Death | C31: Neonatal Death | D31: Grand Total
A32: Without High Risk Pregnancy | B32: 5 | C32: 4 | D32: 9
A33: With High Risk Pregnancy | B33: 7 | C33: 15 | D33: 22
A34: Grand Total | B34: 12 | C34: 19 | D34: 31
A37: Count of Death category | B37: Column Labels
A38: Row Labels | B38: Infant Death | C38: Neonatal Death | D38: Grand Total
A39: Without hypertensive Disorder | B39: 12 | C39: 18 | D39: 30
A40: With hypertensive Disorder | C40: 1 | D40: 1
A41: Grand Total | B41: 12 | C41: 19 | D41: 31
A43: Premature Death Records
A45: Count of LBW | B45: Column Labels
A46: Row Labels | B46: Infant Death | C46: Neonatal Death | D46: Grand Total
A47: LBW: NO | B47: 12 | C47: 5 | D47: 17
A48: LBW: YES | C48: 14 | D48: 14
A49: Grand Total | B49: 12 | C49: 19 | D49: 31
A52: Count of Extreme preterm (<28 weeks) | B52: Column Labels
A53: Row Labels | B53: Infant Death | C53: Neonatal Death | D53: Grand Total
A54: Extreme preterm (<28 weeks): NO | B54: 12 | C54: 12 | D54: 24
A55: Extreme preterm (<28 weeks): YES | C55: 7 | D55: 7
A56: Grand Total | B56: 12 | C56: 19 | D56: 31
A59: Count of Early Premature (28-31 weeks) | B59: Column Labels
A60: Row Labels | B60: Infant Death | C60: Neonatal Death | D60: Grand Total
A61: Early Premature (28-31 weeks): NO | B61: 12 | C61: 15 | D61: 27
A62: Early Premature (28-31 weeks): YES | C62: 4 | D62: 4
A63: Grand Total | B63: 12 | C63: 19 | D63: 31
A66: Count of Morderate Premature (<32-33 weeks) | B66: Column Labels
A67: Row Labels | B67: Infant Death | C67: Neonatal Death | D67: Grand Total
A68: Morderate Premature (<32-33 weeks): NO | B68: 11 | C68: 16 | D68: 27
A69: Morderate Premature (<32-33 weeks): YES | B69: 1 | C69: 3 | D69: 4
A70: Grand Total | B70: 12 | C70: 19 | D70: 31
A73: Count of Late Pre-term (34-36 weeks) | B73: Column Labels
A74: Row Labels | B74: Infant Death | C74: Neonatal Death | D74: Grand Total
A75: Late Pre-term (34-36 weeks): NO | B75: 12 | C75: 18 | D75: 30
A76: Late Pre-term (34-36 weeks): YES | C76: 1 | D76: 1
A77: Grand Total | B77: 12 | C77: 19 | D77: 31
A80: Grand Total
B82: Column Labels | G82: With High Risk
B83: NO | C83: YES | D83: Grand Total | G83: Yes
A84: Count of High Risk (Yes / No) | B84: 9 | C84: 22 | D84: 31 | G84: =IFERROR(GETPIVOTDATA("High Risk (Yes / No)",$A$82,"High Risk (Yes / No)","YES"),0) -> 22
B87: Column Labels | G87: Preventable | H87: Non-Preventable
B88: NO | C88: YES | D88: Grand Total
A89: Count of Preventable (Yes / No) | B89: 23 | C89: 8 | D89: 31 | G89: =IFERROR(GETPIVOTDATA("Preventable (Yes / No)",$A$87,"Preventable (Yes / No)","YES"),0) -> 8 | H89: =IFERROR(GETPIVOTDATA("Preventable (Yes / No)",$A$87,"Preventable (Yes / No)","NO"),0) -> 23
B92: Column Labels
B93: LSCS | C93: Normal | D93: Grand Total | G93: LSCS Delivary | H93: Normal Delivary
A94: Count of Delivery Type (LSCS / Norma) | B94: 23 | C94: 8 | D94: 31 | G94: =IFERROR(GETPIVOTDATA("Delivery Type (LSCS / Norma)",$A$92,"Delivery Type (LSCS / Norma)","LSCS"),0) -> 23 | H94: =IFERROR(GETPIVOTDATA("Delivery Type (LSCS / Norma)",$A$92,"Delivery Type (LSCS / Norma)","Normal"),0) -> 8
B97: Column Labels
B98: Infant Death | C98: Neonatal Death | D98: Grand Total | G98: Infant Death | H98: Neonatal Death
A99: Count of Death category | B99: 12 | C99: 19 | D99: 31 | G99: =IFERROR(GETPIVOTDATA("Death category",$A$97,"Death category","Infant Death"),0) -> 12 | H99: =IFERROR(GETPIVOTDATA("Death category",$A$97,"Death category","Neonatal Death"),0) -> 19

Sheet Udupi_pivot
A1: HRP
A3: Count of Delivery Type (LSCS / Norma) | B3: Column Labels
A4: Row Labels | B4: LSCS | C4: Normal | D4: Grand Total
A5: Without High Risk Pregnancy | B5: 4 | C5: 9 | D5: 13
A6: With High Risk Pregnancy | B6: 6 | C6: 4 | D6: 10
A7: Grand Total | B7: 10 | C7: 13 | D7: 23
A9: Delivary
A11: Count of Death category | B11: Column Labels
A12: Row Labels | B12: Infant Death | C12: Neonatal Death | D12: Grand Total
A13: LSCS | B13: 3 | C13: 7 | D13: 10
A14: Normal | B14: 6 | C14: 7 | D14: 13
A15: Grand Total | B15: 9 | C15: 14 | D15: 23
A17: Gender~Death
A19: Count of Death category | B19: Column Labels
A20: Row Labels | B20: Female | C20: Male | D20: Grand Total
A21: Infant Death | B21: 3 | C21: 6 | D21: 9
A22: Neonatal Death | B22: 6 | C22: 8 | D22: 14
A23: Grand Total | B23: 9 | C23: 14 | D23: 23
A25: Preventable~Death
A27: Count of Death category | B27: Column Labels
A28: Row Labels | B28: Infant Death | C28: Neonatal Death | D28: Grand Total
A29: Non-Preventable | B29: 5 | C29: 8 | D29: 13
A30: Preventable | B30: 4 | C30: 6 | D30: 10
A31: Grand Total | B31: 9 | C31: 14 | D31: 23
A33: HRP~Death
A35: Count of Death category | B35: Column Labels
A36: Row Labels | B36: Infant Death | C36: Neonatal Death | D36: Grand Total
A37: Without High Risk Pregnancy | B37: 4 | C37: 9 | D37: 13
A38: With High Risk Pregnancy | B38: 5 | C38: 5 | D38: 10
A39: Grand Total | B39: 9 | C39: 14 | D39: 23
A41: Hypertension~Death
A43: Count of Death category | B43: Column Labels
A44: Row Labels | B44: Infant Death | C44: Neonatal Death | D44: Grand Total
A45: Without hypertensive Disorder | B45: 8 | C45: 14 | D45: 22
A46: With hypertensive Disorder | B46: 1 | D46: 1
A47: Grand Total | B47: 9 | C47: 14 | D47: 23
A50: Premature Deaths
A52: Count of LBW | B52: Column Labels
A53: Row Labels | B53: Infant Death | C53: Neonatal Death | D53: Grand Total
A54: LBW: NO | B54: 9 | C54: 5 | D54: 14
A55: LBW: YES | C55: 9 | D55: 9
A56: Grand Total | B56: 9 | C56: 14 | D56: 23
A59: Count of Extreme preterm (<28 weeks) | B59: Column Labels
A60: Row Labels | B60: Infant Death | C60: Neonatal Death | D60: Grand Total
A61: Extreme preterm (<28 weeks): NO | B61: 9 | C61: 7 | D61: 16
A62: Extreme preterm (<28 weeks): YES | C62: 7 | D62: 7
A63: Grand Total | B63: 9 | C63: 14 | D63: 23
A66: Count of Early Premature (28-31 weeks) | B66: Column Labels
A67: Row Labels | B67: Infant Death | C67: Neonatal Death | D67: Grand Total
A68: Early Premature (28-31 weeks): NO | B68: 9 | C68: 13 | D68: 22
A69: Early Premature (28-31 weeks): YES | C69: 1 | D69: 1
A70: Grand Total | B70: 9 | C70: 14 | D70: 23
A73: Count of Morderate Premature (<32-33 weeks) | B73: Column Labels
A74: Row Labels | B74: Infant Death | C74: Neonatal Death | D74: Grand Total
A75: Morderate Premature (<32-33 weeks): NO | B75: 9 | C75: 14 | D75: 23
A76: Grand Total | B76: 9 | C76: 14 | D76: 23
A79: Count of Late Pre-term (34-36 weeks) | B79: Column Labels
A80: Row Labels | B80: Infant Death | C80: Neonatal Death | D80: Grand Total
A81: Late Pre-term (34-36 weeks): NO | B81: 8 | C81: 14 | D81: 22
A82: Late Pre-term (34-36 weeks): YES | B82: 1 | D82: 1
A83: Grand Total | B83: 9 | C83: 14 | D83: 23
A86: Grand Total Values
B88: Column Labels | G88: HRP
B89: NO | C89: YES | D89: Grand Total | G89: Yes | H89: No
A90: Count of High Risk (Yes / No) | B90: 13 | C90: 10 | D90: 23 | G90: =IFERROR(GETPIVOTDATA("High Risk (Yes / No)",$A$88,"High Risk (Yes / No)","YES"),0) -> 10 | H90: =IFERROR(GETPIVOTDATA("High Risk (Yes / No)",$A$88,"High Risk (Yes / No)","NO"),0) -> 13
B93: Column Labels | G93: Delivary Type
B94: LSCS | C94: Normal | D94: Grand Total | G94: LSCS | H94: Normal
A95: Count of Delivery Type (LSCS / Norma) | B95: 10 | C95: 13 | D95: 23 | G95: =IFERROR(GETPIVOTDATA("Delivery Type (LSCS / Norma)",$A$93,"Delivery Type (LSCS / Norma)","LSCS"),0) -> 10 | H95: =IFERROR(GETPIVOTDATA("Delivery Type (LSCS / Norma)",$A$93,"Delivery Type (LSCS / Norma)","Normal"),0) -> 13
B98: Column Labels | G98: Death Category
B99: Infant Death | C99: Neonatal Death | D99: Grand Total | G99: Infant | H99: Neonatal
A100: Count of Death category | B100: 9 | C100: 14 | D100: 23 | G100: =IFERROR(GETPIVOTDATA("Death category",$A$98,"Death category","Infant Death"),0) -> 9 | H100: =IFERROR(GETPIVOTDATA("Death category",$A$98,"Death category","Neonatal Death"),0) -> 14
B103: Column Labels | G103: Preventable
B104: NO | C104: YES | D104: Grand Total | G104: Yes | H104: No
A105: Count of Preventable (Yes / No) | B105: 13 | C105: 10 | D105: 23 | G105: =IFERROR(GETPIVOTDATA("Preventable (Yes / No)",$A$103,"Preventable (Yes / No)","YES"),0) -> 10 | H105: =IFERROR(GETPIVOTDATA("Preventable (Yes / No)",$A$103,"Preventable (Yes / No)","NO"),0) -> 13

Sheet District pivot
A1: Count of High Risk (Yes / No) | B1: Column Labels | F1: Count of Delivery Type (LSCS / Norma) | G1: Column Labels | K1: Count of Death category | L1: Column Labels | P1: Count of Preventable (Yes / No) | Q1: Column Labels
A2: Row Labels | B2: NO | C2: YES | D2: Grand Total | F2: Row Labels | G2: LSCS | H2: Normal | I2: Grand Total | K2: Row Labels | L2: Infant Death | M2: Neonatal Death | N2: Grand Total | P2: Row Labels | Q2: NO | R2: YES | S2: Grand Total
A3: Karkala | B3: 8 | C3: 11 | D3: 19 | F3: Karkala | G3: 12 | H3: 7 | I3: 19 | K3: Karkala | L3: 6 | M3: 13 | N3: 19 | P3: Karkala | Q3: 15 | R3: 4 | S3: 19
A4: Kundapura | B4: 9 | C4: 22 | D4: 31 | F4: Kundapura | G4: 23 | H4: 8 | I4: 31 | K4: Kundapura | L4: 12 | M4: 19 | N4: 31 | P4: Kundapura | Q4: 23 | R4: 8 | S4: 31
A5: Udupi | B5: 13 | C5: 10 | D5: 23 | F5: Udupi | G5: 10 | H5: 13 | I5: 23 | K5: Udupi | L5: 9 | M5: 14 | N5: 23 | P5: Udupi | Q5: 13 | R5: 10 | S5: 23
A6: Grand Total | B6: 30 | C6: 43 | D6: 73 | F6: Grand Total | G6: 45 | H6: 28 | I6: 73 | K6: Grand Total | L6: 27 | M6: 46 | N6: 73 | P6: Grand Total | Q6: 51 | R6: 22 | S6: 73
B8: Yes | F8: LSCS | G8: Normal | L8: Infant Death | M8: Neonatal death | Q8: Non preventable | R8: Preventable
A9: =A6 -> Grand Total | B9: =GETPIVOTDATA("High Risk (Yes / No)",$A$1,"High Risk (Yes / No)","YES") -> 43 | E9: Grand Total | F9: =GETPIVOTDATA("Delivery Type (LSCS / Norma)",$F$1,"Delivery Type (LSCS / Norma)","LSCS") -> 45 | G9: =GETPIVOTDATA("Delivery Type (LSCS / Norma)",$F$1,"Delivery Type (LSCS / Norma)","Normal") -> 28 | K9: Grand Total | L9: =GETPIVOTDATA("Death category",$K$1,"Death category","Infant Death") -> 27 | M9: =GETPIVOTDATA("Death category",$K$1,"Death category","Neonatal Death") -> 46 | P9: Grand Total | Q9: =GETPIVOTDATA("Preventable (Yes / No)",$P$1,"Preventable (Yes / No)","NO") -> 51 | R9: =GETPIVOTDATA("Preventable (Yes / No)",$P$1,"Preventable (Yes / No)","YES") -> 22
F11: Premature Death Analysis
F13: Count of LBW | G13: Column Labels | K13: Count of Extreme preterm (<28 weeks) | L13: Column Labels | P13: Count of Early Premature (28-31 weeks) | Q13: Column Labels | U13: Count of Morderate Premature (<32-33 weeks) | V13: Column Labels | Z13: Count of Late Pre-term (34-36 weeks) | AA13: Column Labels
F14: Row Labels | G14: Infant Death | H14: Neonatal Death | I14: Grand Total | K14: Row Labels | L14: Infant Death | M14: Neonatal Death | N14: Grand Total | P14: Row Labels | Q14: Infant Death | R14: Neonatal Death | S14: Grand Total | U14: Row Labels | V14: Infant Death | W14: Neonatal Death | X14: Grand Total | Z14: Row Labels | AA14: Infant Death | AB14: Neonatal Death | AC14: Grand Total
F15: LBW: NO | G15: 26 | H15: 12 | I15: 38 | K15: Extreme preterm (<28 weeks): NO | L15: 26 | M15: 27 | N15: 53 | P15: Early Premature (28-31 weeks): NO | Q15: 27 | R15: 40 | S15: 67 | U15: Morderate Premature (<32-33 weeks): NO | V15: 26 | W15: 41 | X15: 67 | Z15: Late Pre-term (34-36 weeks): NO | AA15: 26 | AB15: 45 | AC15: 71
F16: LBW: YES | G16: 1 | H16: 34 | I16: 35 | K16: Extreme preterm (<28 weeks): YES | L16: 1 | M16: 19 | N16: 20 | P16: Early Premature (28-31 weeks): YES | R16: 6 | S16: 6 | U16: Morderate Premature (<32-33 weeks): YES | V16: 1 | W16: 5 | X16: 6 | Z16: Late Pre-term (34-36 weeks): YES | AA16: 1 | AB16: 1 | AC16: 2
F17: Grand Total | G17: 27 | H17: 46 | I17: 73 | K17: Grand Total | L17: 27 | M17: 46 | N17: 73 | P17: Grand Total | Q17: 27 | R17: 46 | S17: 73 | U17: Grand Total | V17: 27 | W17: 46 | X17: 73 | Z17: Grand Total | AA17: 27 | AB17: 46 | AC17: 73
A21: Count of Delivery Type (LSCS / Norma) | B21: Column Labels | F21: Count of Death category | G21: Column Labels | K21: Count of Death category | L21: Column Labels | P21: Count of Death category | Q21: Column Labels | U21: Count of Death category | V21: Column Labels | Z21: Count of Death category | AA21: Column Labels
A22: Row Labels | B22: LSCS | C22: Normal | D22: Grand Total | F22: Row Labels | G22: Infant Death | H22: Neonatal Death | I22: Grand Total | K22: Row Labels | L22: Female | M22: Male | N22: Grand Total | P22: Row Labels | Q22: Infant Death | R22: Neonatal Death | S22: Grand Total | U22: Row Labels | V22: Infant Death | W22: Neonatal Death | X22: Grand Total | Z22: Row Labels | AA22: Infant Death | AB22: Neonatal Death | AC22: Grand Total
A23: Without High Risk Pregnancy | B23: 16 | C23: 14 | D23: 30 | F23: LSCS | G23: 14 | H23: 31 | I23: 45 | K23: Infant Death | L23: 11 | M23: 16 | N23: 27 | P23: Non-Preventable | Q23: 14 | R23: 37 | S23: 51 | U23: Without Highrisk Pregnancy | V23: 13 | W23: 17 | X23: 30 | Z23: Without Hypertensive disorder | AA23: 25 | AB23: 45 | AC23: 70
A24: With High Risk Pregnancy | B24: 29 | C24: 14 | D24: 43 | F24: Normal | G24: 13 | H24: 15 | I24: 28 | K24: Neonatal Death | L24: 23 | M24: 23 | N24: 46 | P24: Preventable | Q24: 13 | R24: 9 | S24: 22 | U24: With Highrisk Pregnancy | V24: 14 | W24: 29 | X24: 43 | Z24: With Hypertensive disorder | AA24: 2 | AB24: 1 | AC24: 3
A25: Grand Total | B25: 45 | C25: 28 | D25: 73 | F25: Grand Total | G25: 27 | H25: 46 | I25: 73 | K25: Grand Total | L25: 34 | M25: 39 | N25: 73 | P25: Grand Total | Q25: 27 | R25: 46 | S25: 73 | U25: Grand Total | V25: 27 | W25: 46 | X25: 73 | Z25: Grand Total | AA25: 27 | AB25: 46 | AC25: 73

Sheet District Dashboard
D56: GENDER | E56: DEATH CATEGORY | F56: MOTHER'S HEALTH COMPLICATIONS | G56: COUNT | H56: INFANT HEALTH COMPLICATIONS | I56: COUNT
D57: Female | E57: Neonatal Death | F57: {=_xlfn.LET( _xlpm.complications, _xlfn._xlws.FILTER(Infant_data[[#Headers],[Diabetes mellitus]:[Twins / Triplets etc]], _xlfn.BYCOL(Infant_data[[Diabetes mellitus]:[Twins / Triplets etc]], _xlfn.LAMBDA(_xlpm.col, COUNTIFS(Infant_data[Gender],$D$57,Infant_data[Death category],$E$57, _xlpm.col, "YES"))) > 0), _xlpm.counts, _xlfn._xlws.FILTER(_xlfn.BYCOL(Infant_data[[Diabetes mellitus]:[Twins / Triplets etc]], _xlfn.LAMBDA(_xlpm.col, COUNTIFS(Infant_data[Gender],$D$57,Infant_data[Death category],$E$57, _xlpm.col, "YES"))), _xlfn.BYCOL(Infant_data[[Diabetes mellitus]:[Twins / Triplets etc]], _xlfn.LAMBDA(_xlpm.col, COUNTIFS(Infant_data[Gender],$D$57,Infant_data[Death category],$E$57, _xlpm.col, "YES"))) > 0), _xlfn.HSTACK(TRANSPOSE(_xlpm.complications), TRANSPOSE(_xlpm.counts)) )} -> Diabetes mellitus | G57: 1 | H57: {=_xlfn.LET( _xlpm.complications, _xlfn._xlws.FILTER(Infant_data[[#Headers],[LBW]:[Twins / Multiple etc]], _xlfn.BYCOL(Infant_data[[LBW]:[Twins / Multiple etc]], _xlfn.LAMBDA(_xlpm.col, COUNTIFS(Infant_data[Gender],$D$57,Infant_data[Death category],$E$57, _xlpm.col, "YES"))) > 0), _xlpm.counts, _xlfn._xlws.FILTER(_xlfn.BYCOL(Infant_data[[LBW]:[Twins / Multiple etc]], _xlfn.LAMBDA(_xlpm.col, COUNTIFS(Infant_data[Gender],$D$57,Infant_data[Death category],$E$57, _xlpm.col, "YES"))), _xlfn.BYCOL(Infant_data[[LBW]:[Twins / Multiple etc]], _xlfn.LAMBDA(_xlpm.col, COUNTIFS(Infant_data[Gender],$D$57,Infant_data[Death category],$E$57, _xlpm.col, "YES"))) > 0), _xlfn.HSTACK(TRANSPOSE(_xlpm.complications), TRANSPOSE(_xlpm.counts)) )} -> LBW | I57: 19
F58: Hypertensive Diorders | G58: 1 | H58: Extreme preterm (<28 weeks) | I58: 9
F59: Mild Aneamia | G59: 1 | H59: Early Premature (28-31 weeks) | I59: 3
F60: Morderate Aneamia | G60: 3 | H60: Morderate Premature (<32-33 weeks) | I60: 4
F61: BMI < 18 | G61: 1 | H61: Late Pre-term (34-36 weeks) | I61: 1
F62: Previous LSCS | G62: 5 | H62: CHD | I62: 1
F63: Multi Gravida | G63: 3 | H63: Sepsis | I63: 2
F64: Previous Abortion | G64: 2 | H64: Respiratory Distress | I64: 3
F65: Tyroid Disease | G65: 1 | H65: Pulmonary Hypertension | I65: 1
F66: Psychiatric Illness | G66: 1 | H66: Neonatal Asphyxia | I66: 1
F67: Twins / Triplets etc | G67: 4 | H67: Meconium Aspiration Syndrome | I67: 1
H68: Twins / Multiple etc | I68: 2
D145: PREVENTABLE | E145: DEATH CATEGORY | F145: MOTHER'S HEALTH COMPLICATIONS | G145: COUNT | H145: INFANT HEALTH COMPLICATIONS | I145: COUNT
D146: Yes | E146: Infant Death | F146: {=_xlfn.LET( _xlpm.complications, _xlfn._xlws.FILTER(Infant_data[[#Headers],[Diabetes mellitus]:[Twins / Triplets etc]], _xlfn.BYCOL(Infant_data[[Diabetes mellitus]:[Twins / Triplets etc]], _xlfn.LAMBDA(_xlpm.col, COUNTIFS(Infant_data[Preventable (Yes / No)],$D$146,Infant_data[Death category],$E$146, _xlpm.col, "YES"))) > 0), _xlpm.counts, _xlfn._xlws.FILTER(_xlfn.BYCOL(Infant_data[[Diabetes mellitus]:[Twins / Triplets etc]], _xlfn.LAMBDA(_xlpm.col, COUNTIFS(Infant_data[Preventable (Yes / No)],$D$146,Infant_data[Death category],$E$146, _xlpm.col, "YES"))), _xlfn.BYCOL(Infant_data[[Diabetes mellitus]:[Twins / Triplets etc]], _xlfn.LAMBDA(_xlpm.col, COUNTIFS(Infant_data[Preventable (Yes / No)],$D$146,Infant_data[Death category],$E$146, _xlpm.col, "YES"))) > 0), _xlfn.HSTACK(TRANSPOSE(_xlpm.complications), TRANSPOSE(_xlpm.counts)) )} -> Diabetes mellitus | G146: 1 | H146: {=_xlfn.LET( _xlpm.complications, _xlfn._xlws.FILTER(Infant_data[[#Headers],[LBW]:[Twins / Multiple etc]], _xlfn.BYCOL(Infant_data[[LBW]:[Twins / Multiple etc]], _xlfn.LAMBDA(_xlpm.col, COUNTIFS(Infant_data[Preventable (Yes / No)],$D$146,Infant_data[Death category],$E$146, _xlpm.col, "YES"))) > 0), _xlpm.counts, _xlfn._xlws.FILTER(_xlfn.BYCOL(Infant_data[[LBW]:[Twins / Multiple etc]], _xlfn.LAMBDA(_xlpm.col, COUNTIFS(Infant_data[Preventable (Yes / No)],$D$146,Infant_data[Death category],$E$146, _xlpm.col, "YES"))), _xlfn.BYCOL(Infant_data[[LBW]:[Twins / Multiple etc]], _xlfn.LAMBDA(_xlpm.col, COUNTIFS(Infant_data[Preventable (Yes / No)],$D$146,Infant_data[Death category],$E$146, _xlpm.col, "YES"))) > 0), _xlfn.HSTACK(TRANSPOSE(_xlpm.complications), TRANSPOSE(_xlpm.counts)) )} -> Late Pre-term (34-36 weeks) | I146: 1
F147: RH '- ve' | G147: 1 | H147: Aspitartion Pneumonia | I147: 1
F148: Elderly Primi | G148: 1 | H148: Broncho Pneumonia | I148: 3
F149: Hypertensive Diorders | G149: 1 | H149: Sepsis | I149: 1
F150: Previous LSCS | G150: 2 | H150: Respiratory Distress | I150: 2
F151: Heigh <145 cms | G151: 1 | H151: Pulmonary Hypertension | I151: 1
F152: Multi Gravida | G152: 1 | H152: Milk Aspiration | I152: 6
F153: Tyroid Disease | G153: 1 | H153: SIDS | I153: 5
F154: Twins / Triplets etc | G154: 1

Sheet Karkal Taluk
